repo,sha,module,test,ni_status,pr_link,pr_status
https://github.com/Activiti/Activiti,b11f757a48600e53aaf3fcb7a3ba1ece6c463cb4,activiti-engine,org.activiti.engine.test.cfg.RetryInterceptorTest.testRetryInterceptor,nonIdemPass,https://github.com/Activiti/Activiti/pull/3488,Accepted
https://github.com/Activiti/Activiti,b11f757a48600e53aaf3fcb7a3ba1ece6c463cb4,activiti-engine,org.activiti.standalone.validation.DisabledSchemaValidationTest.testDisableValidation,nonIdemPass,https://github.com/Activiti/Activiti/pull/3487,Accepted
https://github.com/Activiti/Activiti,b11f757a48600e53aaf3fcb7a3ba1ece6c463cb4,activiti-spring-boot-starter,org.activiti.spring.boot.tasks.TaskRuntimeClaimReleaseTest.aCreateStandaloneTaskForGroup,nonIdemPass,,Deleted
https://github.com/Activiti/Activiti,b11f757a48600e53aaf3fcb7a3ba1ece6c463cb4,activiti-spring-boot-starter,org.activiti.spring.boot.tasks.TaskRuntimeCompleteTaskTest.bCreateStandaloneTask,nonIdemPass,,Deleted
https://github.com/Activiti/Activiti,b11f757a48600e53aaf3fcb7a3ba1ece6c463cb4,activiti-spring-boot-starter,org.activiti.spring.boot.tasks.TaskRuntimeDeleteTaskTest.cCreateStandaloneGroupTaskClaimAndDeleteFail,nonIdemPass,,Deleted
https://github.com/Activiti/Activiti,b11f757a48600e53aaf3fcb7a3ba1ece6c463cb4,activiti-spring-boot-starter,org.activiti.spring.boot.tasks.TaskRuntimeTaskAssigneeTest.aCreateStandaloneTaskForAnotherAssignee,nonIdemPass,,Deleted
https://github.com/Activiti/Activiti,b11f757a48600e53aaf3fcb7a3ba1ece6c463cb4,activiti-spring-boot-starter,org.activiti.spring.boot.tasks.TaskRuntimeTaskAssigneeTest.cCreateStandaloneTaskForGroupAndClaim,nonIdemPass,,Deleted
https://github.com/Activiti/Activiti,b11f757a48600e53aaf3fcb7a3ba1ece6c463cb4,activiti-spring-boot-starter,org.activiti.spring.boot.tasks.TaskRuntimeTaskForOtherTest.aCreateStandaloneTaskWithNoCandidates,nonIdemPass,,Deleted
https://github.com/Activiti/Activiti,b11f757a48600e53aaf3fcb7a3ba1ece6c463cb4,activiti-spring-boot-starter,org.activiti.spring.boot.tasks.TaskRuntimeUnAuthorizedTest.aCreateStandaloneTaskForGroup,nonIdemPass,,Deleted
https://github.com/apache/hadoop,cc2babc1f75c93bf89a8f10da525f944c15d02ea,hadoop-hdfs-project/hadoop-hdfs-httpfs,org.apache.hadoop.lib.servlet.TestServerWebApp.getHomeDir,nonIdemPass,https://github.com/apache/hadoop/pull/2482,Rejected
https://github.com/apache/hadoop,cc2babc1f75c93bf89a8f10da525f944c15d02ea,hadoop-hdfs-project/hadoop-hdfs-nfs,org.apache.hadoop.hdfs.nfs.nfs3.TestViewfsWithNfs3.testNfsRenameSingleNN,nonIdemPass,https://github.com/apache/hadoop/pull/2724,Accepted
https://github.com/apache/hadoop,cc2babc1f75c93bf89a8f10da525f944c15d02ea,hadoop-mapreduce-project/hadoop-mapreduce-client/hadoop-mapreduce-client-app,org.apache.hadoop.mapreduce.jobhistory.TestJobHistoryEventHandler.testSigTermedFunctionality,nonIdemPass,https://github.com/apache/hadoop/pull/2499,Accepted
https://github.com/apache/hadoop,cc2babc1f75c93bf89a8f10da525f944c15d02ea,hadoop-mapreduce-project/hadoop-mapreduce-client/hadoop-mapreduce-client-app,org.apache.hadoop.mapreduce.v2.app.TestMRAppMaster.testMRAppMasterShutDownJob,nonIdemPass,https://github.com/apache/hadoop/pull/3300,Opened
https://github.com/apache/hadoop,cc2babc1f75c93bf89a8f10da525f944c15d02ea,hadoop-mapreduce-project/hadoop-mapreduce-client/hadoop-mapreduce-client-app,org.apache.hadoop.mapreduce.v2.app.webapp.TestAppController.testAttempts,nonIdemPass,https://github.com/LALAYANG/hadoop/pull/1,Opened
https://github.com/apache/hadoop,cc2babc1f75c93bf89a8f10da525f944c15d02ea,hadoop-mapreduce-project/hadoop-mapreduce-client/hadoop-mapreduce-client-core,org.apache.hadoop.mapred.TestTaskProgressReporter.testBytesWrittenRespectingLimit,nonIdemPass,https://github.com/apache/hadoop/pull/2500,Accepted
https://github.com/apache/hadoop,cc2babc1f75c93bf89a8f10da525f944c15d02ea,hadoop-mapreduce-project/hadoop-mapreduce-client/hadoop-mapreduce-client-core,org.apache.hadoop.mapred.TestTaskProgressReporter.testTaskProgress,nonIdemPass,https://github.com/apache/hadoop/pull/3298,Opened
https://github.com/apache/hadoop,cc2babc1f75c93bf89a8f10da525f944c15d02ea,hadoop-mapreduce-project/hadoop-mapreduce-client/hadoop-mapreduce-client-jobclient,org.apache.hadoop.mapreduce.v2.TestMRJobsWithHistoryService.testJobHistoryData,nonIdemPass,https://github.com/LALAYANG/hadoop/pull/8,Opened
https://github.com/apache/dubbo,737f7a7ea67832d7f17517326fb2491d0a086dd7,dubbo-cluster,org.apache.dubbo.rpc.cluster.StickyTest.testMethodStickyNoCheck,nonIdemMixPass,https://github.com/apache/dubbo/pull/2807,Accepted
https://github.com/apache/dubbo,737f7a7ea67832d7f17517326fb2491d0a086dd7,dubbo-cluster,org.apache.dubbo.rpc.cluster.StickyTest.testStickyNoCheck,nonIdemMixPass,https://github.com/apache/dubbo/pull/2807,Accepted
https://github.com/apache/dubbo,737f7a7ea67832d7f17517326fb2491d0a086dd7,dubbo-cluster,org.apache.dubbo.rpc.cluster.support.FailbackClusterInvokerTest.testNoInvoke,nonIdemPass,,
https://github.com/apache/dubbo,737f7a7ea67832d7f17517326fb2491d0a086dd7,dubbo-common,org.apache.dubbo.common.extension.ExtensionLoaderTest.test_AddExtension,nonIdemPass,https://github.com/apache/dubbo/pull/6953,Accepted
https://github.com/apache/dubbo,737f7a7ea67832d7f17517326fb2491d0a086dd7,dubbo-common,org.apache.dubbo.common.extension.ExtensionLoaderTest.test_replaceExtension,nonIdemPass,https://github.com/apache/dubbo/pull/6953,Accepted
https://github.com/apache/dubbo,737f7a7ea67832d7f17517326fb2491d0a086dd7,dubbo-common,org.apache.dubbo.common.extension.ExtensionLoaderTest.test_replaceExtension_Adaptive,nonIdemPass,https://github.com/apache/dubbo/pull/6953,Accepted
https://github.com/apache/dubbo,737f7a7ea67832d7f17517326fb2491d0a086dd7,dubbo-common,org.apache.dubbo.common.threadlocal.InternalThreadLocalTest.testSize,nonIdemPass,https://github.com/apache/dubbo/pull/6936,Accepted
https://github.com/apache/dubbo,737f7a7ea67832d7f17517326fb2491d0a086dd7,dubbo-config/dubbo-config-api,org.apache.dubbo.config.ReferenceConfigTest.testReferenceRetry,nonIdemPass,,DeveloperFixed
https://github.com/apache/dubbo,737f7a7ea67832d7f17517326fb2491d0a086dd7,dubbo-config/dubbo-config-api,org.apache.dubbo.config.ServiceConfigTest.testProxy,nonIdemPass,https://github.com/apache/dubbo/pull/7108,Accepted
https://github.com/apache/dubbo,737f7a7ea67832d7f17517326fb2491d0a086dd7,dubbo-monitor/dubbo-monitor-default,org.apache.dubbo.monitor.dubbo.DubboMonitorTest.testMonitorFactory,nonIdemPass,,
https://github.com/apache/dubbo,737f7a7ea67832d7f17517326fb2491d0a086dd7,dubbo-remoting/dubbo-remoting-netty,org.apache.dubbo.remoting.transport.netty.ClientReconnectTest.testReconnectWarnLog,nonIdemPass,,Deleted
https://github.com/apache/dubbo,737f7a7ea67832d7f17517326fb2491d0a086dd7,dubbo-rpc/dubbo-rpc-api,org.apache.dubbo.rpc.filter.AccessLogFilterTest.testInvokeException,nonIdemPass,https://github.com/apache/dubbo/pull/6993,Accepted
https://github.com/apache/dubbo,737f7a7ea67832d7f17517326fb2491d0a086dd7,dubbo-rpc/dubbo-rpc-api,org.apache.dubbo.rpc.filter.ExecuteLimitFilterTest.testExecuteLimitInvokeWitException,nonIdemPass,https://github.com/apache/dubbo/pull/8401,Accepted
https://github.com/apache/dubbo,737f7a7ea67832d7f17517326fb2491d0a086dd7,dubbo-rpc/dubbo-rpc-api,org.apache.dubbo.rpc.RpcContextTest.testAsync,nonIdemPass,https://github.com/apache/dubbo/pull/6314,Accepted
https://github.com/apache/dubbo,737f7a7ea67832d7f17517326fb2491d0a086dd7,dubbo-rpc/dubbo-rpc-api,org.apache.dubbo.rpc.RpcContextTest.testObject,nonIdemPass,https://github.com/apache/dubbo/pull/6997,Accepted
https://github.com/apache/dubbo,737f7a7ea67832d7f17517326fb2491d0a086dd7,dubbo-rpc/dubbo-rpc-rest,org.apache.dubbo.rpc.protol.rest.RestProtocolTest.testRestProtocol,nonIdemPass,,DeveloperFixed
https://github.com/apache/dubbo,737f7a7ea67832d7f17517326fb2491d0a086dd7,dubbo-rpc/dubbo-rpc-rest,org.apache.dubbo.rpc.protol.rest.RestProtocolTest.testRestProtocolWithContextPath,nonIdemPass,,DeveloperFixed
https://github.com/eclipse-ee4j/tyrus,d86e0cb0a4f26ba89daf8668137c156e57fea565,tests/e2e/non-deployable,org.glassfish.tyrus.test.e2e.non_deployable.ExtendedExtensionTest.extendedExtensionTest,nonIdemPass,https://github.com/eclipse-ee4j/tyrus/pull/725,Accepted
https://github.com/elasticjob/elastic-job-lite,b022898ef1b8c984e17efb2a422ee45f6b13e46e,elastic-job-lite-core,io.elasticjob.lite.event.rdb.JobEventRdbStorageTest.assertAddJobStatusTraceEventWhenFailoverWithTaskFailedState,nonIdemPass,https://github.com/apache/shardingsphere-elasticjob/pull/1838,Accepted
https://github.com/elasticjob/elastic-job-lite,b022898ef1b8c984e17efb2a422ee45f6b13e46e,elastic-job-lite-core,io.elasticjob.lite.event.rdb.JobEventRdbStorageTest.assertAddJobStatusTraceEventWhenFailoverWithTaskStagingState,nonIdemPass,https://github.com/apache/shardingsphere-elasticjob/pull/1838,Accepted
https://github.com/elasticjob/elastic-job-lite,b022898ef1b8c984e17efb2a422ee45f6b13e46e,elastic-job-lite-core,io.elasticjob.lite.reg.zookeeper.ZookeeperRegistryCenterModifyTest.assertPersistSequential,nonIdemPass,https://github.com/elasticjob/elastic-job-lite/pull/636,Accepted
https://github.com/elasticjob/elastic-job-lite,b022898ef1b8c984e17efb2a422ee45f6b13e46e,elastic-job-lite-core,io.elasticjob.lite.util.json.GsonFactoryTest.assertRegisterTypeAdapter,nonIdemPass,https://github.com/apache/shardingsphere-elasticjob/pull/1901,Accepted
https://github.com/looly/hutool,91565d052d2771dd26547e79c619ee8c31497e8f,hutool-core,cn.hutool.core.io.FileTypeUtilTest.fileTypeUtilTest,nonIdemPass,,Skipped
https://github.com/orbit/orbit,c4904af2f3745fea93871493edd7e09348e77768,actors/test/actor-tests,cloud.orbit.actors.test.OnlyIfActivatedTest.onlyIfActivatedTest,nonIdemPass,,Deleted
https://github.com/pholser/junit-quickcheck,9361b6dae25b193782604d071754eb7fc566390a,core,com.pholser.junit.quickcheck.ComponentizedGeneratorsIsolateConfigurationFromComponentsTest.boxOfFoo,nonIdemPass,https://github.com/pholser/junit-quickcheck/pull/361,Accepted
https://github.com/pholser/junit-quickcheck,9361b6dae25b193782604d071754eb7fc566390a,core,com.pholser.junit.quickcheck.EnumPropertyParameterTypesTest.cyclesThroughEnumValuesWhenMarkedWithValuesOf,nonIdemPass,,Deleted
https://github.com/pholser/junit-quickcheck,9361b6dae25b193782604d071754eb7fc566390a,core,com.pholser.junit.quickcheck.EnumPropertyParameterTypesTest.usesRegularTrialCount,nonIdemPass,https://github.com/pholser/junit-quickcheck/pull/361,Accepted
https://github.com/pholser/junit-quickcheck,9361b6dae25b193782604d071754eb7fc566390a,core,com.pholser.junit.quickcheck.EnumPropertyParameterTypesTest.whenConstrained,nonIdemPass,https://github.com/pholser/junit-quickcheck/pull/361,Accepted
https://github.com/pholser/junit-quickcheck,9361b6dae25b193782604d071754eb7fc566390a,core,com.pholser.junit.quickcheck.EnumPropertyParameterTypesTest.whenCyclingAndConstrained,nonIdemPass,,Deleted
https://github.com/pholser/junit-quickcheck,9361b6dae25b193782604d071754eb7fc566390a,core,com.pholser.junit.quickcheck.ExhaustingAGivenSetButIncludingAnotherTest.ctorOnly,nonIdemPass,https://github.com/pholser/junit-quickcheck/pull/357,Accepted
https://github.com/pholser/junit-quickcheck,9361b6dae25b193782604d071754eb7fc566390a,core,com.pholser.junit.quickcheck.ExhaustingAGivenSetButIncludingAnotherTest.enums,nonIdemPass,https://github.com/pholser/junit-quickcheck/pull/357,Accepted
https://github.com/pholser/junit-quickcheck,9361b6dae25b193782604d071754eb7fc566390a,core,com.pholser.junit.quickcheck.ExhaustingAGivenSetButIncludingAnotherTest.explicitConversion,nonIdemPass,https://github.com/pholser/junit-quickcheck/pull/357,Accepted
https://github.com/pholser/junit-quickcheck,9361b6dae25b193782604d071754eb7fc566390a,core,com.pholser.junit.quickcheck.ExhaustingAGivenSetButIncludingAnotherTest.favorValueOf,nonIdemPass,https://github.com/pholser/junit-quickcheck/pull/361,Accepted
https://github.com/pholser/junit-quickcheck,9361b6dae25b193782604d071754eb7fc566390a,core,com.pholser.junit.quickcheck.ExhaustingAGivenSetButIncludingAnotherTest.manyParameters,nonIdemPass,https://github.com/pholser/junit-quickcheck/pull/357,Accepted
https://github.com/pholser/junit-quickcheck,9361b6dae25b193782604d071754eb7fc566390a,core,com.pholser.junit.quickcheck.ExhaustingAGivenSetButIncludingAnotherTest.manyParametersWithBooleanAndEnum,nonIdemPass,https://github.com/pholser/junit-quickcheck/pull/357,Accepted
https://github.com/pholser/junit-quickcheck,9361b6dae25b193782604d071754eb7fc566390a,core,com.pholser.junit.quickcheck.ExhaustingAGivenSetButIncludingAnotherTest.primitiveBooleans,nonIdemPass,https://github.com/pholser/junit-quickcheck/pull/357,Accepted
https://github.com/pholser/junit-quickcheck,9361b6dae25b193782604d071754eb7fc566390a,core,com.pholser.junit.quickcheck.ExhaustingAGivenSetButIncludingAnotherTest.primitiveBytes,nonIdemPass,https://github.com/pholser/junit-quickcheck/pull/357,Accepted
https://github.com/pholser/junit-quickcheck,9361b6dae25b193782604d071754eb7fc566390a,core,com.pholser.junit.quickcheck.ExhaustingAGivenSetButIncludingAnotherTest.primitiveChars,nonIdemPass,https://github.com/pholser/junit-quickcheck/pull/361,Accepted
https://github.com/pholser/junit-quickcheck,9361b6dae25b193782604d071754eb7fc566390a,core,com.pholser.junit.quickcheck.ExhaustingAGivenSetButIncludingAnotherTest.primitiveDoubles,nonIdemPass,https://github.com/pholser/junit-quickcheck/pull/361,Accepted
https://github.com/pholser/junit-quickcheck,9361b6dae25b193782604d071754eb7fc566390a,core,com.pholser.junit.quickcheck.ExhaustingAGivenSetButIncludingAnotherTest.primitiveFloats,nonIdemPass,https://github.com/pholser/junit-quickcheck/pull/361,Accepted
https://github.com/pholser/junit-quickcheck,9361b6dae25b193782604d071754eb7fc566390a,core,com.pholser.junit.quickcheck.ExhaustingAGivenSetButIncludingAnotherTest.primitiveIntegers,nonIdemPass,https://github.com/pholser/junit-quickcheck/pull/361,Accepted
https://github.com/pholser/junit-quickcheck,9361b6dae25b193782604d071754eb7fc566390a,core,com.pholser.junit.quickcheck.ExhaustingAGivenSetButIncludingAnotherTest.primitiveLongs,nonIdemPass,https://github.com/pholser/junit-quickcheck/pull/361,Accepted
https://github.com/pholser/junit-quickcheck,9361b6dae25b193782604d071754eb7fc566390a,core,com.pholser.junit.quickcheck.ExhaustingAGivenSetButIncludingAnotherTest.primitiveShorts,nonIdemPass,https://github.com/pholser/junit-quickcheck/pull/361,Accepted
https://github.com/pholser/junit-quickcheck,9361b6dae25b193782604d071754eb7fc566390a,core,com.pholser.junit.quickcheck.ExhaustingAGivenSetButIncludingAnotherTest.strings,nonIdemPass,https://github.com/pholser/junit-quickcheck/pull/361,Accepted
https://github.com/pholser/junit-quickcheck,9361b6dae25b193782604d071754eb7fc566390a,core,com.pholser.junit.quickcheck.ExhaustingAGivenSetButIncludingAnotherTest.wrapperBooleans,nonIdemPass,https://github.com/pholser/junit-quickcheck/pull/361,Accepted
https://github.com/pholser/junit-quickcheck,9361b6dae25b193782604d071754eb7fc566390a,core,com.pholser.junit.quickcheck.ExhaustingAGivenSetButIncludingAnotherTest.wrapperBytes,nonIdemPass,https://github.com/pholser/junit-quickcheck/pull/361,Accepted
https://github.com/pholser/junit-quickcheck,9361b6dae25b193782604d071754eb7fc566390a,core,com.pholser.junit.quickcheck.ExhaustingAGivenSetButIncludingAnotherTest.wrapperChars,nonIdemPass,https://github.com/pholser/junit-quickcheck/pull/361,Accepted
https://github.com/pholser/junit-quickcheck,9361b6dae25b193782604d071754eb7fc566390a,core,com.pholser.junit.quickcheck.ExhaustingAGivenSetButIncludingAnotherTest.wrapperDoubles,nonIdemPass,https://github.com/pholser/junit-quickcheck/pull/361,Accepted
https://github.com/pholser/junit-quickcheck,9361b6dae25b193782604d071754eb7fc566390a,core,com.pholser.junit.quickcheck.ExhaustingAGivenSetButIncludingAnotherTest.wrapperFloats,nonIdemPass,https://github.com/pholser/junit-quickcheck/pull/361,Accepted
https://github.com/pholser/junit-quickcheck,9361b6dae25b193782604d071754eb7fc566390a,core,com.pholser.junit.quickcheck.ExhaustingAGivenSetButIncludingAnotherTest.wrapperIntegers,nonIdemPass,https://github.com/pholser/junit-quickcheck/pull/361,Accepted
https://github.com/pholser/junit-quickcheck,9361b6dae25b193782604d071754eb7fc566390a,core,com.pholser.junit.quickcheck.ExhaustingAGivenSetButIncludingAnotherTest.wrapperLongs,nonIdemPass,https://github.com/pholser/junit-quickcheck/pull/361,Accepted
https://github.com/pholser/junit-quickcheck,9361b6dae25b193782604d071754eb7fc566390a,core,com.pholser.junit.quickcheck.ExhaustingAGivenSetButIncludingAnotherTest.wrapperShorts,nonIdemPass,https://github.com/pholser/junit-quickcheck/pull/361,Accepted
https://github.com/pholser/junit-quickcheck,9361b6dae25b193782604d071754eb7fc566390a,core,com.pholser.junit.quickcheck.ExhaustingAGivenSetTest.booleansUnmarked,nonIdemPass,https://github.com/pholser/junit-quickcheck/pull/361,Accepted
https://github.com/pholser/junit-quickcheck,9361b6dae25b193782604d071754eb7fc566390a,core,com.pholser.junit.quickcheck.ExhaustingAGivenSetTest.ctorOnly,nonIdemPass,https://github.com/pholser/junit-quickcheck/pull/293,Accepted
https://github.com/pholser/junit-quickcheck,9361b6dae25b193782604d071754eb7fc566390a,core,com.pholser.junit.quickcheck.ExhaustingAGivenSetTest.enums,nonIdemPass,https://github.com/pholser/junit-quickcheck/pull/293,Accepted
https://github.com/pholser/junit-quickcheck,9361b6dae25b193782604d071754eb7fc566390a,core,com.pholser.junit.quickcheck.ExhaustingAGivenSetTest.enumsUnmarked,nonIdemPass,https://github.com/pholser/junit-quickcheck/pull/361,Accepted
https://github.com/pholser/junit-quickcheck,9361b6dae25b193782604d071754eb7fc566390a,core,com.pholser.junit.quickcheck.ExhaustingAGivenSetTest.explicitConversion,nonIdemPass,https://github.com/pholser/junit-quickcheck/pull/293,Accepted
https://github.com/pholser/junit-quickcheck,9361b6dae25b193782604d071754eb7fc566390a,core,com.pholser.junit.quickcheck.ExhaustingAGivenSetTest.favorValueOf,nonIdemPass,https://github.com/pholser/junit-quickcheck/pull/293,Accepted
https://github.com/pholser/junit-quickcheck,9361b6dae25b193782604d071754eb7fc566390a,core,com.pholser.junit.quickcheck.ExhaustingAGivenSetTest.manyParameters,nonIdemPass,https://github.com/pholser/junit-quickcheck/pull/361,Accepted
https://github.com/pholser/junit-quickcheck,9361b6dae25b193782604d071754eb7fc566390a,core,com.pholser.junit.quickcheck.ExhaustingAGivenSetTest.manyParametersWithBooleanAndEnum,nonIdemPass,https://github.com/pholser/junit-quickcheck/pull/293,Accepted
https://github.com/pholser/junit-quickcheck,9361b6dae25b193782604d071754eb7fc566390a,core,com.pholser.junit.quickcheck.ExhaustingAGivenSetTest.primitiveBooleans,nonIdemPass,https://github.com/pholser/junit-quickcheck/pull/361,Accepted
https://github.com/pholser/junit-quickcheck,9361b6dae25b193782604d071754eb7fc566390a,core,com.pholser.junit.quickcheck.ExhaustingAGivenSetTest.primitiveBytes,nonIdemPass,https://github.com/pholser/junit-quickcheck/pull/361,Accepted
https://github.com/pholser/junit-quickcheck,9361b6dae25b193782604d071754eb7fc566390a,core,com.pholser.junit.quickcheck.ExhaustingAGivenSetTest.primitiveChars,nonIdemPass,https://github.com/pholser/junit-quickcheck/pull/361,Accepted
https://github.com/pholser/junit-quickcheck,9361b6dae25b193782604d071754eb7fc566390a,core,com.pholser.junit.quickcheck.ExhaustingAGivenSetTest.primitiveDoubles,nonIdemPass,https://github.com/pholser/junit-quickcheck/pull/293,Accepted
https://github.com/pholser/junit-quickcheck,9361b6dae25b193782604d071754eb7fc566390a,core,com.pholser.junit.quickcheck.ExhaustingAGivenSetTest.primitiveFloats,nonIdemPass,https://github.com/pholser/junit-quickcheck/pull/293,Accepted
https://github.com/pholser/junit-quickcheck,9361b6dae25b193782604d071754eb7fc566390a,core,com.pholser.junit.quickcheck.ExhaustingAGivenSetTest.primitiveIntegers,nonIdemPass,https://github.com/pholser/junit-quickcheck/pull/293,Accepted
https://github.com/pholser/junit-quickcheck,9361b6dae25b193782604d071754eb7fc566390a,core,com.pholser.junit.quickcheck.ExhaustingAGivenSetTest.primitiveLongs,nonIdemPass,https://github.com/pholser/junit-quickcheck/pull/361,Accepted
https://github.com/pholser/junit-quickcheck,9361b6dae25b193782604d071754eb7fc566390a,core,com.pholser.junit.quickcheck.ExhaustingAGivenSetTest.primitiveShorts,nonIdemPass,https://github.com/pholser/junit-quickcheck/pull/293,Accepted
https://github.com/pholser/junit-quickcheck,9361b6dae25b193782604d071754eb7fc566390a,core,com.pholser.junit.quickcheck.ExhaustingAGivenSetTest.strings,nonIdemPass,https://github.com/pholser/junit-quickcheck/pull/293,Accepted
https://github.com/pholser/junit-quickcheck,9361b6dae25b193782604d071754eb7fc566390a,core,com.pholser.junit.quickcheck.ExhaustingAGivenSetTest.wrapperBooleans,nonIdemPass,https://github.com/pholser/junit-quickcheck/pull/361,Accepted
https://github.com/pholser/junit-quickcheck,9361b6dae25b193782604d071754eb7fc566390a,core,com.pholser.junit.quickcheck.ExhaustingAGivenSetTest.wrapperBytes,nonIdemPass,https://github.com/pholser/junit-quickcheck/pull/361,Accepted
https://github.com/pholser/junit-quickcheck,9361b6dae25b193782604d071754eb7fc566390a,core,com.pholser.junit.quickcheck.ExhaustingAGivenSetTest.wrapperChars,nonIdemPass,https://github.com/pholser/junit-quickcheck/pull/293,Accepted
https://github.com/pholser/junit-quickcheck,9361b6dae25b193782604d071754eb7fc566390a,core,com.pholser.junit.quickcheck.ExhaustingAGivenSetTest.wrapperDoubles,nonIdemPass,https://github.com/pholser/junit-quickcheck/pull/361,Accepted
https://github.com/pholser/junit-quickcheck,9361b6dae25b193782604d071754eb7fc566390a,core,com.pholser.junit.quickcheck.ExhaustingAGivenSetTest.wrapperFloats,nonIdemPass,https://github.com/pholser/junit-quickcheck/pull/293,Accepted
https://github.com/pholser/junit-quickcheck,9361b6dae25b193782604d071754eb7fc566390a,core,com.pholser.junit.quickcheck.ExhaustingAGivenSetTest.wrapperIntegers,nonIdemPass,https://github.com/pholser/junit-quickcheck/pull/293,Accepted
https://github.com/pholser/junit-quickcheck,9361b6dae25b193782604d071754eb7fc566390a,core,com.pholser.junit.quickcheck.ExhaustingAGivenSetTest.wrapperLongs,nonIdemPass,https://github.com/pholser/junit-quickcheck/pull/361,Accepted
https://github.com/pholser/junit-quickcheck,9361b6dae25b193782604d071754eb7fc566390a,core,com.pholser.junit.quickcheck.ExhaustingAGivenSetTest.wrapperShorts,nonIdemPass,https://github.com/pholser/junit-quickcheck/pull/293,Accepted
https://github.com/pholser/junit-quickcheck,9361b6dae25b193782604d071754eb7fc566390a,core,com.pholser.junit.quickcheck.LambdaPropertyParameterTypesTest.unboxingAFoo,nonIdemPass,https://github.com/pholser/junit-quickcheck/pull/361,Accepted
https://github.com/pholser/junit-quickcheck,9361b6dae25b193782604d071754eb7fc566390a,core,com.pholser.junit.quickcheck.PropertiesWithExplicitGeneratorsTest.explicitGeneratorTakesPrecedence,nonIdemPass,https://github.com/pholser/junit-quickcheck/pull/292,Accepted
https://github.com/pholser/junit-quickcheck,9361b6dae25b193782604d071754eb7fc566390a,core,com.pholser.junit.quickcheck.PropertyExhaustiveSampleSizeTest.shouldFeedADefaultNumberOfValuesToAProperty,nonIdemPass,https://github.com/pholser/junit-quickcheck/pull/291,Accepted
https://github.com/pholser/junit-quickcheck,9361b6dae25b193782604d071754eb7fc566390a,core,com.pholser.junit.quickcheck.PropertyExhaustiveSampleSizeTest.shouldRespectTrialCountIfSpecified,nonIdemPass,https://github.com/pholser/junit-quickcheck/pull/361,Accepted
https://github.com/pholser/junit-quickcheck,9361b6dae25b193782604d071754eb7fc566390a,core,com.pholser.junit.quickcheck.PropertyExhaustiveSampleSizeTest.trialCountHoldsForEntirePropertyRatherThanIndividualParameters,nonIdemPass,https://github.com/pholser/junit-quickcheck/pull/361,Accepted
https://github.com/pholser/junit-quickcheck,9361b6dae25b193782604d071754eb7fc566390a,core,com.pholser.junit.quickcheck.PropertyParameterConfigurationIsolationTest.acrossParametersOfParametersOfArrayTypeAndTypeWithOneConstant,nonIdemPass,https://github.com/pholser/junit-quickcheck/pull/357,Accepted
https://github.com/pholser/junit-quickcheck,9361b6dae25b193782604d071754eb7fc566390a,core,com.pholser.junit.quickcheck.PropertyParameterConfigurationIsolationTest.acrossParametersOfParametersOfParameterizedTypeAndUnparameterizedTypeWithOneConstant,nonIdemPass,https://github.com/pholser/junit-quickcheck/pull/361,Accepted
https://github.com/pholser/junit-quickcheck,9361b6dae25b193782604d071754eb7fc566390a,core,com.pholser.junit.quickcheck.PropertyParameterConfigurationIsolationTest.acrossParametersOfSameArrayType,nonIdemPass,https://github.com/pholser/junit-quickcheck/pull/357,Accepted
https://github.com/pholser/junit-quickcheck,9361b6dae25b193782604d071754eb7fc566390a,core,com.pholser.junit.quickcheck.PropertyParameterConfigurationIsolationTest.acrossParametersOfSameArrayTypeWithOneConstant,nonIdemPass,https://github.com/pholser/junit-quickcheck/pull/361,Accepted
https://github.com/pholser/junit-quickcheck,9361b6dae25b193782604d071754eb7fc566390a,core,com.pholser.junit.quickcheck.PropertyParameterConfigurationIsolationTest.acrossParametersOfSameParameterizedType,nonIdemPass,https://github.com/pholser/junit-quickcheck/pull/357,Accepted
https://github.com/pholser/junit-quickcheck,9361b6dae25b193782604d071754eb7fc566390a,core,com.pholser.junit.quickcheck.PropertyParameterConfigurationIsolationTest.acrossParametersOfSameParameterizedTypeWithOneConstant,nonIdemPass,https://github.com/pholser/junit-quickcheck/pull/357,Accepted
https://github.com/pholser/junit-quickcheck,9361b6dae25b193782604d071754eb7fc566390a,core,com.pholser.junit.quickcheck.PropertyParameterConfigurationIsolationTest.acrossParametersOfSameType,nonIdemPass,https://github.com/pholser/junit-quickcheck/pull/357,Accepted
https://github.com/pholser/junit-quickcheck,9361b6dae25b193782604d071754eb7fc566390a,core,com.pholser.junit.quickcheck.PropertyParameterConfigurationIsolationTest.acrossParametersOfSameTypeWithOneConstant,nonIdemPass,https://github.com/pholser/junit-quickcheck/pull/357,Accepted
https://github.com/pholser/junit-quickcheck,9361b6dae25b193782604d071754eb7fc566390a,core,com.pholser.junit.quickcheck.PropertyTupleSampleSizeTest.shouldFeedADefaultNumberOfValuesToAProperty,nonIdemPass,https://github.com/pholser/junit-quickcheck/pull/357,Accepted
https://github.com/pholser/junit-quickcheck,9361b6dae25b193782604d071754eb7fc566390a,core,com.pholser.junit.quickcheck.PropertyTupleSampleSizeTest.shouldRespectTrialCountIfSpecified,nonIdemPass,https://github.com/pholser/junit-quickcheck/pull/357,Accepted
https://github.com/pholser/junit-quickcheck,9361b6dae25b193782604d071754eb7fc566390a,core,com.pholser.junit.quickcheck.PropertyTupleSampleSizeTest.trialCountHoldsForEntirePropertyRatherThanIndividualParameters,nonIdemPass,https://github.com/pholser/junit-quickcheck/pull/357,Accepted
https://github.com/pholser/junit-quickcheck,9361b6dae25b193782604d071754eb7fc566390a,core,com.pholser.junit.quickcheck.SamplingButAlsoIncludingAGivenSetTest.alsoHonorsGeneratorsApartFromFixedSet,nonIdemPass,https://github.com/pholser/junit-quickcheck/pull/357,Accepted
https://github.com/pholser/junit-quickcheck,9361b6dae25b193782604d071754eb7fc566390a,core,com.pholser.junit.quickcheck.SamplingButAlsoIncludingAGivenSetTest.ctorOnly,nonIdemPass,https://github.com/pholser/junit-quickcheck/pull/357,Accepted
https://github.com/pholser/junit-quickcheck,9361b6dae25b193782604d071754eb7fc566390a,core,com.pholser.junit.quickcheck.SamplingButAlsoIncludingAGivenSetTest.enums,nonIdemPass,https://github.com/pholser/junit-quickcheck/pull/357,Accepted
https://github.com/pholser/junit-quickcheck,9361b6dae25b193782604d071754eb7fc566390a,core,com.pholser.junit.quickcheck.SamplingButAlsoIncludingAGivenSetTest.explicitConversion,nonIdemPass,https://github.com/pholser/junit-quickcheck/pull/357,Accepted
https://github.com/pholser/junit-quickcheck,9361b6dae25b193782604d071754eb7fc566390a,core,com.pholser.junit.quickcheck.SamplingButAlsoIncludingAGivenSetTest.favorValueOf,nonIdemPass,https://github.com/pholser/junit-quickcheck/pull/357,Accepted
https://github.com/pholser/junit-quickcheck,9361b6dae25b193782604d071754eb7fc566390a,core,com.pholser.junit.quickcheck.SamplingButAlsoIncludingAGivenSetTest.manyParameters,nonIdemPass,https://github.com/pholser/junit-quickcheck/pull/357,Accepted
https://github.com/pholser/junit-quickcheck,9361b6dae25b193782604d071754eb7fc566390a,core,com.pholser.junit.quickcheck.SamplingButAlsoIncludingAGivenSetTest.primitiveBooleans,nonIdemPass,https://github.com/pholser/junit-quickcheck/pull/357,Accepted
https://github.com/pholser/junit-quickcheck,9361b6dae25b193782604d071754eb7fc566390a,core,com.pholser.junit.quickcheck.SamplingButAlsoIncludingAGivenSetTest.primitiveBytes,nonIdemPass,https://github.com/pholser/junit-quickcheck/pull/290,Accepted
https://github.com/pholser/junit-quickcheck,9361b6dae25b193782604d071754eb7fc566390a,core,com.pholser.junit.quickcheck.SamplingButAlsoIncludingAGivenSetTest.primitiveChars,nonIdemPass,https://github.com/pholser/junit-quickcheck/pull/357,Accepted
https://github.com/pholser/junit-quickcheck,9361b6dae25b193782604d071754eb7fc566390a,core,com.pholser.junit.quickcheck.SamplingButAlsoIncludingAGivenSetTest.primitiveDoubles,nonIdemPass,https://github.com/pholser/junit-quickcheck/pull/357,Accepted
https://github.com/pholser/junit-quickcheck,9361b6dae25b193782604d071754eb7fc566390a,core,com.pholser.junit.quickcheck.SamplingButAlsoIncludingAGivenSetTest.primitiveFloats,nonIdemPass,https://github.com/pholser/junit-quickcheck/pull/361,Accepted
https://github.com/pholser/junit-quickcheck,9361b6dae25b193782604d071754eb7fc566390a,core,com.pholser.junit.quickcheck.SamplingButAlsoIncludingAGivenSetTest.primitiveIntegers,nonIdemPass,https://github.com/pholser/junit-quickcheck/pull/361,Accepted
https://github.com/pholser/junit-quickcheck,9361b6dae25b193782604d071754eb7fc566390a,core,com.pholser.junit.quickcheck.SamplingButAlsoIncludingAGivenSetTest.primitiveLongs,nonIdemPass,https://github.com/pholser/junit-quickcheck/pull/361,Accepted
https://github.com/pholser/junit-quickcheck,9361b6dae25b193782604d071754eb7fc566390a,core,com.pholser.junit.quickcheck.SamplingButAlsoIncludingAGivenSetTest.primitiveShorts,nonIdemPass,https://github.com/pholser/junit-quickcheck/pull/361,Accepted
https://github.com/pholser/junit-quickcheck,9361b6dae25b193782604d071754eb7fc566390a,core,com.pholser.junit.quickcheck.SamplingButAlsoIncludingAGivenSetTest.strings,nonIdemPass,https://github.com/pholser/junit-quickcheck/pull/361,Accepted
https://github.com/pholser/junit-quickcheck,9361b6dae25b193782604d071754eb7fc566390a,core,com.pholser.junit.quickcheck.SamplingButAlsoIncludingAGivenSetTest.wrapperBooleans,nonIdemPass,https://github.com/pholser/junit-quickcheck/pull/361,Accepted
https://github.com/pholser/junit-quickcheck,9361b6dae25b193782604d071754eb7fc566390a,core,com.pholser.junit.quickcheck.SamplingButAlsoIncludingAGivenSetTest.wrapperBytes,nonIdemPass,https://github.com/pholser/junit-quickcheck/pull/361,Accepted
https://github.com/pholser/junit-quickcheck,9361b6dae25b193782604d071754eb7fc566390a,core,com.pholser.junit.quickcheck.SamplingButAlsoIncludingAGivenSetTest.wrapperChars,nonIdemPass,https://github.com/pholser/junit-quickcheck/pull/290,Accepted
https://github.com/pholser/junit-quickcheck,9361b6dae25b193782604d071754eb7fc566390a,core,com.pholser.junit.quickcheck.SamplingButAlsoIncludingAGivenSetTest.wrapperDoubles,nonIdemPass,https://github.com/pholser/junit-quickcheck/pull/357,Accepted
https://github.com/pholser/junit-quickcheck,9361b6dae25b193782604d071754eb7fc566390a,core,com.pholser.junit.quickcheck.SamplingButAlsoIncludingAGivenSetTest.wrapperFloats,nonIdemPass,https://github.com/pholser/junit-quickcheck/pull/361,Accepted
https://github.com/pholser/junit-quickcheck,9361b6dae25b193782604d071754eb7fc566390a,core,com.pholser.junit.quickcheck.SamplingButAlsoIncludingAGivenSetTest.wrapperIntegers,nonIdemPass,https://github.com/pholser/junit-quickcheck/pull/361,Accepted
https://github.com/pholser/junit-quickcheck,9361b6dae25b193782604d071754eb7fc566390a,core,com.pholser.junit.quickcheck.SamplingButAlsoIncludingAGivenSetTest.wrapperLongs,nonIdemPass,https://github.com/pholser/junit-quickcheck/pull/361,Accepted
https://github.com/pholser/junit-quickcheck,9361b6dae25b193782604d071754eb7fc566390a,core,com.pholser.junit.quickcheck.SamplingButAlsoIncludingAGivenSetTest.wrapperShorts,nonIdemPass,https://github.com/pholser/junit-quickcheck/pull/361,Accepted
https://github.com/pholser/junit-quickcheck,9361b6dae25b193782604d071754eb7fc566390a,core,com.pholser.junit.quickcheck.SamplingOnlyFromAGivenSetTest.ctorOnly,nonIdemPass,https://github.com/pholser/junit-quickcheck/pull/361,Accepted
https://github.com/pholser/junit-quickcheck,9361b6dae25b193782604d071754eb7fc566390a,core,com.pholser.junit.quickcheck.SamplingOnlyFromAGivenSetTest.enums,nonIdemPass,https://github.com/pholser/junit-quickcheck/pull/361,Accepted
https://github.com/pholser/junit-quickcheck,9361b6dae25b193782604d071754eb7fc566390a,core,com.pholser.junit.quickcheck.SamplingOnlyFromAGivenSetTest.explicitConversion,nonIdemPass,https://github.com/pholser/junit-quickcheck/pull/361,Accepted
https://github.com/pholser/junit-quickcheck,9361b6dae25b193782604d071754eb7fc566390a,core,com.pholser.junit.quickcheck.SamplingOnlyFromAGivenSetTest.favorValueOf,nonIdemPass,https://github.com/pholser/junit-quickcheck/pull/361,Accepted
https://github.com/pholser/junit-quickcheck,9361b6dae25b193782604d071754eb7fc566390a,core,com.pholser.junit.quickcheck.SamplingOnlyFromAGivenSetTest.manyParameters,nonIdemPass,https://github.com/pholser/junit-quickcheck/pull/361,Accepted
https://github.com/pholser/junit-quickcheck,9361b6dae25b193782604d071754eb7fc566390a,core,com.pholser.junit.quickcheck.SamplingOnlyFromAGivenSetTest.onlyTrumpsAlso,nonIdemPass,https://github.com/pholser/junit-quickcheck/pull/361,Accepted
https://github.com/pholser/junit-quickcheck,9361b6dae25b193782604d071754eb7fc566390a,core,com.pholser.junit.quickcheck.SamplingOnlyFromAGivenSetTest.onlyTrumpsGenerators,nonIdemPass,https://github.com/pholser/junit-quickcheck/pull/361,Accepted
https://github.com/pholser/junit-quickcheck,9361b6dae25b193782604d071754eb7fc566390a,core,com.pholser.junit.quickcheck.SamplingOnlyFromAGivenSetTest.primitiveBooleans,nonIdemPass,https://github.com/pholser/junit-quickcheck/pull/361,Accepted
https://github.com/pholser/junit-quickcheck,9361b6dae25b193782604d071754eb7fc566390a,core,com.pholser.junit.quickcheck.SamplingOnlyFromAGivenSetTest.primitiveBytes,nonIdemPass,https://github.com/pholser/junit-quickcheck/pull/361,Accepted
https://github.com/pholser/junit-quickcheck,9361b6dae25b193782604d071754eb7fc566390a,core,com.pholser.junit.quickcheck.SamplingOnlyFromAGivenSetTest.primitiveChars,nonIdemPass,https://github.com/pholser/junit-quickcheck/pull/361,Accepted
https://github.com/pholser/junit-quickcheck,9361b6dae25b193782604d071754eb7fc566390a,core,com.pholser.junit.quickcheck.SamplingOnlyFromAGivenSetTest.primitiveDoubles,nonIdemPass,https://github.com/pholser/junit-quickcheck/pull/361,Accepted
https://github.com/pholser/junit-quickcheck,9361b6dae25b193782604d071754eb7fc566390a,core,com.pholser.junit.quickcheck.SamplingOnlyFromAGivenSetTest.primitiveFloats,nonIdemPass,https://github.com/pholser/junit-quickcheck/pull/361,Accepted
https://github.com/pholser/junit-quickcheck,9361b6dae25b193782604d071754eb7fc566390a,core,com.pholser.junit.quickcheck.SamplingOnlyFromAGivenSetTest.primitiveIntegers,nonIdemPass,https://github.com/pholser/junit-quickcheck/pull/361,Accepted
https://github.com/pholser/junit-quickcheck,9361b6dae25b193782604d071754eb7fc566390a,core,com.pholser.junit.quickcheck.SamplingOnlyFromAGivenSetTest.primitiveLongs,nonIdemPass,https://github.com/pholser/junit-quickcheck/pull/361,Accepted
https://github.com/pholser/junit-quickcheck,9361b6dae25b193782604d071754eb7fc566390a,core,com.pholser.junit.quickcheck.SamplingOnlyFromAGivenSetTest.primitiveShorts,nonIdemPass,https://github.com/pholser/junit-quickcheck/pull/361,Accepted
https://github.com/pholser/junit-quickcheck,9361b6dae25b193782604d071754eb7fc566390a,core,com.pholser.junit.quickcheck.SamplingOnlyFromAGivenSetTest.strings,nonIdemPass,https://github.com/pholser/junit-quickcheck/pull/361,Accepted
https://github.com/pholser/junit-quickcheck,9361b6dae25b193782604d071754eb7fc566390a,core,com.pholser.junit.quickcheck.SamplingOnlyFromAGivenSetTest.wrapperBooleans,nonIdemPass,https://github.com/pholser/junit-quickcheck/pull/361,Accepted
https://github.com/pholser/junit-quickcheck,9361b6dae25b193782604d071754eb7fc566390a,core,com.pholser.junit.quickcheck.SamplingOnlyFromAGivenSetTest.wrapperBytes,nonIdemPass,https://github.com/pholser/junit-quickcheck/pull/361,Accepted
https://github.com/pholser/junit-quickcheck,9361b6dae25b193782604d071754eb7fc566390a,core,com.pholser.junit.quickcheck.SamplingOnlyFromAGivenSetTest.wrapperChars,nonIdemPass,https://github.com/pholser/junit-quickcheck/pull/361,Accepted
https://github.com/pholser/junit-quickcheck,9361b6dae25b193782604d071754eb7fc566390a,core,com.pholser.junit.quickcheck.SamplingOnlyFromAGivenSetTest.wrapperDoubles,nonIdemPass,https://github.com/pholser/junit-quickcheck/pull/361,Accepted
https://github.com/pholser/junit-quickcheck,9361b6dae25b193782604d071754eb7fc566390a,core,com.pholser.junit.quickcheck.SamplingOnlyFromAGivenSetTest.wrapperFloats,nonIdemPass,https://github.com/pholser/junit-quickcheck/pull/361,Accepted
https://github.com/pholser/junit-quickcheck,9361b6dae25b193782604d071754eb7fc566390a,core,com.pholser.junit.quickcheck.SamplingOnlyFromAGivenSetTest.wrapperIntegers,nonIdemPass,https://github.com/pholser/junit-quickcheck/pull/361,Accepted
https://github.com/pholser/junit-quickcheck,9361b6dae25b193782604d071754eb7fc566390a,core,com.pholser.junit.quickcheck.SamplingOnlyFromAGivenSetTest.wrapperLongs,nonIdemPass,https://github.com/pholser/junit-quickcheck/pull/361,Accepted
https://github.com/pholser/junit-quickcheck,9361b6dae25b193782604d071754eb7fc566390a,core,com.pholser.junit.quickcheck.SamplingOnlyFromAGivenSetTest.wrapperShorts,nonIdemPass,https://github.com/pholser/junit-quickcheck/pull/361,Accepted
https://github.com/pholser/junit-quickcheck,9361b6dae25b193782604d071754eb7fc566390a,core,com.pholser.junit.quickcheck.ShrinkingTest.assumptionFailureWhileShrinking,nonIdemPass,https://github.com/pholser/junit-quickcheck/pull/361,Accepted
https://github.com/pholser/junit-quickcheck,9361b6dae25b193782604d071754eb7fc566390a,core,com.pholser.junit.quickcheck.ShrinkingTest.disablingShrinking,nonIdemPass,https://github.com/pholser/junit-quickcheck/pull/361,Accepted
https://github.com/pholser/junit-quickcheck,9361b6dae25b193782604d071754eb7fc566390a,core,com.pholser.junit.quickcheck.UsualJUnitMachineryOnPropertyBasedTest.orderingOfStatements,nonIdemPass,https://github.com/pholser/junit-quickcheck/pull/288,Accepted
https://github.com/pholser/junit-quickcheck,9361b6dae25b193782604d071754eb7fc566390a,core,com.pholser.junit.quickcheck.UsualJUnitMachineryOnShrinkingPropertyBasedTest.orderingOfStatements,nonIdemPass,https://github.com/pholser/junit-quickcheck/pull/289,Accepted
https://github.com/pholser/junit-quickcheck,9361b6dae25b193782604d071754eb7fc566390a,core,com.pholser.junit.quickcheck.UsualJUnitMachineryOnSubclassPropertyTest.expectedOrderingOfMethods,nonIdemPass,https://github.com/pholser/junit-quickcheck/pull/286,Accepted
https://github.com/pholser/junit-quickcheck,9361b6dae25b193782604d071754eb7fc566390a,core,com.pholser.junit.quickcheck.UsualJUnitMachineryOnTraitBasedPropertyTest.expectedOrderingOfMethods,nonIdemPass,https://github.com/pholser/junit-quickcheck/pull/287,Accepted
https://github.com/pholser/junit-quickcheck,9361b6dae25b193782604d071754eb7fc566390a,generators,com.pholser.junit.quickcheck.CallablePropertyParameterTest.callable,nonIdemPass,https://github.com/pholser/junit-quickcheck/pull/295,Accepted
https://github.com/pholser/junit-quickcheck,9361b6dae25b193782604d071754eb7fc566390a,generators,com.pholser.junit.quickcheck.PrimitivePropertyParameterTypesTest.primitiveBooleanWithValuesOf,nonIdemPass,https://github.com/pholser/junit-quickcheck/pull/359,Accepted
https://github.com/pholser/junit-quickcheck,9361b6dae25b193782604d071754eb7fc566390a,generators,com.pholser.junit.quickcheck.PrimitivePropertyParameterTypesTest.voidParameter,nonIdemPass,https://github.com/pholser/junit-quickcheck/pull/294,Accepted
https://github.com/pholser/junit-quickcheck,9361b6dae25b193782604d071754eb7fc566390a,generators,com.pholser.junit.quickcheck.PrimitivePropertyParameterTypesTest.wrapperBooleanWithValuesOf,nonIdemPass,https://github.com/pholser/junit-quickcheck/pull/359,Accepted
https://github.com/querydsl/querydsl,2bf234caf78549813a1e0f44d9c30ecc5ef734e3,querydsl-hibernate-search,com.querydsl.hibernate.search.SearchQueryTest.no_where,nonIdemMixPass,https://github.com/querydsl/querydsl/pull/2658,Accepted
https://github.com/querydsl/querydsl,2bf234caf78549813a1e0f44d9c30ecc5ef734e3,querydsl-hibernate-search,com.querydsl.hibernate.search.SearchQueryTest.ordering,nonIdemMixPass,https://github.com/querydsl/querydsl/pull/2658,Accepted
https://github.com/spring-projects/spring-ws,e8d89c9eb0929dda304174729c9c69fb29f448eb,spring-ws-core,org.springframework.ws.server.endpoint.mapping.EndpointMappingTest.endpointPrototype,nonIdemPass,https://github.com/spring-projects/spring-ws/pull/1178,Opened
https://github.com/undertow-io/undertow,d0efffad5d2034bb07525cac9b299dac72c3045d,servlet,io.undertow.servlet.test.spec.UnavailableServletTestCase.testTempUnavailableServlet,nonIdemPass,https://github.com/undertow-io/undertow/pull/1023,Opened
https://github.com/vmware/admiral,e4b02936cc7d4ff2714e7231db0c4373ba5d48a2,common,com.vmware.admiral.common.util.AuthUtilsTest.testValidateSessionData,nonIdemPass,,
https://github.com/vmware/admiral,e4b02936cc7d4ff2714e7231db0c4373ba5d48a2,common,com.vmware.admiral.common.util.ReflectionUtilsTest.testSetPathAnnotation,nonIdemPass,https://github.com/vmware/admiral/pull/338,Opened
https://github.com/vmware/admiral,e4b02936cc7d4ff2714e7231db0c4373ba5d48a2,common,com.vmware.admiral.common.util.SecurityUtilsTest.testEnsureTlsDisabledAlgorithms,nonIdemPass,https://github.com/vmware/admiral/pull/319,Opened
https://github.com/vmware/admiral,e4b02936cc7d4ff2714e7231db0c4373ba5d48a2,common,com.vmware.admiral.common.util.SecurityUtilsTest.testEnsureTrustStoreSettings,nonIdemPass,https://github.com/vmware/admiral/pull/319,Opened
https://github.com/vmware/admiral,e4b02936cc7d4ff2714e7231db0c4373ba5d48a2,request,com.vmware.admiral.request.kubernetes.RequestBrokerKubernetesServiceTest.testRequestStateHasK8sInfo,nonIdemPass,https://github.com/vmware/admiral/pull/327,Opened
https://github.com/wildfly/wildfly,b19048b72669fc0e96665b1b125dc1fda21f5993,webservices/server-integration,org.jboss.as.webservices.dmr.WebservicesSubsystemRuntimeTestCase.testSubsystem,nonIdemMixPass,,
https://github.com/zalando/riptide,8277e11fc069d8e24df0d233ef2577cc75659b75,riptide-spring-boot-starter,org.zalando.riptide.spring.metrics.MetricsTest.shouldRecordCircuitBreakers,nonIdemPass,https://github.com/zalando/riptide/pull/1020,Accepted
https://github.com/apache/hbase,801fc05e9c082ab12c7c1207087d3667ab162d1a,hbase-server,org.apache.hadoop.hbase.io.TestMetricsIO.testMetrics,nonIdemPass,,
https://github.com/apache/hbase,801fc05e9c082ab12c7c1207087d3667ab162d1a,hbase-server,org.apache.hadoop.hbase.ipc.TestRpcMetrics.testSourceMethods,nonIdemPass,https://github.com/LALAYANG/hbase/pull/5,Opened
https://github.com/apache/hbase,801fc05e9c082ab12c7c1207087d3667ab162d1a,hbase-server,org.apache.hadoop.hbase.master.cleaner.TestReplicationHFileCleaner.testIsFileDeletable,nonIdemPass,https://github.com/apache/hbase/pull/2984,Accepted
https://github.com/apache/hbase,801fc05e9c082ab12c7c1207087d3667ab162d1a,hbase-server,org.apache.hadoop.hbase.monitoring.TestTaskMonitor.testDoNotPurgeRPCTask,nonIdemPass,https://github.com/apache/hbase/pull/3615,Opened
https://github.com/apache/hbase,801fc05e9c082ab12c7c1207087d3667ab162d1a,hbase-server,org.apache.hadoop.hbase.regionserver.TestGetClosestAtOrBefore.testUsingMetaAndBinary,nonIdemPass,,DeveloperFixed
https://github.com/apache/hbase,801fc05e9c082ab12c7c1207087d3667ab162d1a,hbase-server,org.apache.hadoop.hbase.regionserver.TestMetricsHeapMemoryManager.testCounter,nonIdemPass,https://github.com/LALAYANG/hbase/pull/4,Opened
https://github.com/apache/hbase,801fc05e9c082ab12c7c1207087d3667ab162d1a,hbase-server,org.apache.hadoop.hbase.regionserver.TestMetricsTableAggregate.testCompaction,nonIdemPass,https://github.com/LALAYANG/hbase/pull/5,Opened
https://github.com/apache/hbase,801fc05e9c082ab12c7c1207087d3667ab162d1a,hbase-server,org.apache.hadoop.hbase.regionserver.TestMetricsTableAggregate.testFlush,nonIdemPass,https://github.com/LALAYANG/hbase/pull/5,Opened
https://github.com/apache/hbase,801fc05e9c082ab12c7c1207087d3667ab162d1a,hbase-server,org.apache.hadoop.hbase.regionserver.wal.TestMetricsWAL.testSlowAppend,nonIdemPass,,DeveloperFixed
https://github.com/apache/hbase,801fc05e9c082ab12c7c1207087d3667ab162d1a,hbase-server,org.apache.hadoop.hbase.replication.master.TestTableCFsUpdater.testUpgrade,nonIdemPass,,Deleted
https://github.com/apache/hbase,801fc05e9c082ab12c7c1207087d3667ab162d1a,hbase-server,org.apache.hadoop.hbase.replication.regionserver.TestDrainReplicationQueuesForStandBy.test,nonIdemPass,https://github.com/apache/hbase/pull/3644,Opened
https://github.com/apache/hbase,801fc05e9c082ab12c7c1207087d3667ab162d1a,hbase-server,org.apache.hadoop.hbase.util.TestCompressionTest.testExceptionCaching,nonIdemPass,,
https://github.com/apache/hbase,801fc05e9c082ab12c7c1207087d3667ab162d1a,hbase-server,org.apache.hadoop.hbase.util.TestFSUtils.testDFSHedgedReadMetrics,nonIdemPass,,
https://github.com/spring-projects/spring-boot,daa3d457b71896a758995c264977bdd1414ee4d4,spring-boot-project/spring-boot,org.springframework.boot.jta.bitronix.PoolingDataSourceBeanTests.setDataSource,nonIdemPass,,Deleted
https://github.com/spring-projects/spring-boot,daa3d457b71896a758995c264977bdd1414ee4d4,spring-boot-project/spring-boot,org.springframework.boot.web.servlet.DelegatingFilterProxyRegistrationBeanTests.initShouldNotCauseEarlyInitialization,nonIdemPass,https://github.com/lzx404243/spring-boot/pull/3,Opened
https://github.com/spring-projects/spring-boot,daa3d457b71896a758995c264977bdd1414ee4d4,spring-boot-project/spring-boot-actuator,org.springframework.boot.actuate.metrics.web.servlet.WebMvcMetricsFilterTests.asyncCallableRequest,nonIdemPass,,
https://github.com/spring-projects/spring-boot,daa3d457b71896a758995c264977bdd1414ee4d4,spring-boot-project/spring-boot-actuator,org.springframework.boot.actuate.metrics.web.servlet.WebMvcMetricsFilterTests.asyncCompletableFutureRequest,nonIdemPass,,
https://github.com/spring-projects/spring-boot,daa3d457b71896a758995c264977bdd1414ee4d4,spring-boot-project/spring-boot-actuator,org.springframework.boot.actuate.metrics.web.servlet.WebMvcMetricsFilterTests.asyncRequestThatThrowsUncheckedException,nonIdemPass,,
https://github.com/spring-projects/spring-boot,daa3d457b71896a758995c264977bdd1414ee4d4,spring-boot-project/spring-boot-actuator,org.springframework.boot.actuate.metrics.web.servlet.WebMvcMetricsFilterTests.badClientRequest,nonIdemPass,,
https://github.com/spring-projects/spring-boot,daa3d457b71896a758995c264977bdd1414ee4d4,spring-boot-project/spring-boot-actuator,org.springframework.boot.actuate.metrics.web.servlet.WebMvcMetricsFilterTests.endpointThrowsError,nonIdemPass,,
https://github.com/spring-projects/spring-boot,daa3d457b71896a758995c264977bdd1414ee4d4,spring-boot-project/spring-boot-actuator,org.springframework.boot.actuate.metrics.web.servlet.WebMvcMetricsFilterTests.regexBasedRequestMapping,nonIdemPass,,
https://github.com/spring-projects/spring-boot,daa3d457b71896a758995c264977bdd1414ee4d4,spring-boot-project/spring-boot-actuator,org.springframework.boot.actuate.metrics.web.servlet.WebMvcMetricsFilterTests.subclassedTimedMethod,nonIdemPass,,
https://github.com/spring-projects/spring-boot,daa3d457b71896a758995c264977bdd1414ee4d4,spring-boot-project/spring-boot-actuator,org.springframework.boot.actuate.metrics.web.servlet.WebMvcMetricsFilterTests.timedControllerClass,nonIdemPass,,
https://github.com/spring-projects/spring-boot,daa3d457b71896a758995c264977bdd1414ee4d4,spring-boot-project/spring-boot-actuator,org.springframework.boot.actuate.metrics.web.servlet.WebMvcMetricsFilterTests.timedMethod,nonIdemPass,,
https://github.com/spring-projects/spring-boot,daa3d457b71896a758995c264977bdd1414ee4d4,spring-boot-project/spring-boot-actuator,org.springframework.boot.actuate.metrics.web.servlet.WebMvcMetricsFilterTests.unhandledError,nonIdemPass,,
https://github.com/spring-projects/spring-boot,daa3d457b71896a758995c264977bdd1414ee4d4,spring-boot-project/spring-boot-actuator,org.springframework.boot.actuate.metrics.web.servlet.WebMvcMetricsIntegrationTests.handledExceptionIsRecordedInMetricTag,nonIdemPass,https://github.com/lzx404243/spring-boot/pull/2,Opened
https://github.com/spring-projects/spring-boot,daa3d457b71896a758995c264977bdd1414ee4d4,spring-boot-project/spring-boot-actuator,org.springframework.boot.actuate.metrics.web.servlet.WebMvcMetricsIntegrationTests.rethrownExceptionIsRecordedInMetricTag,nonIdemPass,https://github.com/lzx404243/spring-boot/pull/2,Opened
https://github.com/spring-projects/spring-boot,daa3d457b71896a758995c264977bdd1414ee4d4,spring-boot-project/spring-boot-actuator-autoconfigure,org.springframework.boot.actuate.autoconfigure.metrics.test.MetricsIntegrationTests.requestMappingIsInstrumented,nonIdemPass,https://github.com/lzx404243/spring-boot/pull/1,Opened
https://github.com/spring-projects/spring-boot,daa3d457b71896a758995c264977bdd1414ee4d4,spring-boot-project/spring-boot-actuator-autoconfigure,org.springframework.boot.actuate.autoconfigure.metrics.test.MetricsIntegrationTests.restTemplateIsInstrumented,nonIdemPass,https://github.com/lzx404243/spring-boot/pull/1,Opened
https://github.com/spring-projects/spring-boot,daa3d457b71896a758995c264977bdd1414ee4d4,spring-boot-project/spring-boot-test,org.springframework.boot.test.mock.mockito.SpyBeanWithAopProxyTests.verifyShouldUseProxyTarget,nonIdemPass,https://github.com/spring-projects/spring-boot/pull/25435,Rejected
https://github.com/spring-projects/spring-boot,daa3d457b71896a758995c264977bdd1414ee4d4,spring-boot-project/spring-boot-test-autoconfigure,org.springframework.boot.test.autoconfigure.data.jdbc.DataJdbcTestIntegrationTests.testRepository,nonIdemPass,,DeveloperFixed
https://github.com/spring-projects/spring-boot,daa3d457b71896a758995c264977bdd1414ee4d4,spring-boot-project/spring-boot-test-autoconfigure,org.springframework.boot.test.autoconfigure.web.client.RestClientTestNoComponentIntegrationTests.manuallyCreateBean,nonIdemPass,https://github.com/spring-projects/spring-boot/pull/27664,Rejected
https://github.com/spring-projects/spring-boot,daa3d457b71896a758995c264977bdd1414ee4d4,spring-boot-project/spring-boot-test-autoconfigure,org.springframework.boot.test.autoconfigure.web.client.RestClientTestTwoComponentsIntegrationTests.client1RestCallViaCustomizer,nonIdemPass,https://github.com/spring-projects/spring-boot/pull/27664,Rejected
https://github.com/spring-projects/spring-boot,daa3d457b71896a758995c264977bdd1414ee4d4,spring-boot-project/spring-boot-test-autoconfigure,org.springframework.boot.test.autoconfigure.web.client.RestClientTestTwoComponentsIntegrationTests.client2RestCallViaCustomizer,nonIdemPass,https://github.com/spring-projects/spring-boot/pull/27664,Rejected
https://github.com/vmware/admiral,e4b02936cc7d4ff2714e7231db0c4373ba5d48a2,adapter/kubernetes,com.vmware.admiral.adapter.kubernetes.KubernetesMaintenanceTest.testAdapterRequestOnPeriodicMaintenance,nonIdemPass,https://github.com/vmware/admiral/pull/320,Opened
https://github.com/querydsl/querydsl,2bf234caf78549813a1e0f44d9c30ecc5ef734e3,querydsl-hibernate-search,com.querydsl.hibernate.search.SearchQueryTest.list,,https://github.com/querydsl/querydsl/pull/2658,Accepted
https://github.com/apache/dubbo,737f7a7ea67832d7f17517326fb2491d0a086dd7,dubbo-common,org.apache.dubbo.common.extension.ExtensionLoaderTest.test_AddExtension_Adaptive,,https://github.com/apache/dubbo/pull/8467,Accepted
https://github.com/apache/dubbo,737f7a7ea67832d7f17517326fb2491d0a086dd7,dubbo-common,org.apache.dubbo.common.extension.ExtensionLoaderTest.test_AddExtension_NoExtend,,https://github.com/apache/dubbo/pull/8467,Accepted
https://github.com/apache/hadoop,cc2babc1f75c93bf89a8f10da525f944c15d02ea,hadoop-hdfs-project/hadoop-hdfs-httpfs,org.apache.hadoop.fs.http.server.TestHttpFSServer.testCreateSnapshot,,https://github.com/LALAYANG/hadoop/pull/6,Opened
https://github.com/apache/hadoop,cc2babc1f75c93bf89a8f10da525f944c15d02ea,hadoop-hdfs-project/hadoop-hdfs-httpfs,org.apache.hadoop.fs.http.server.TestHttpFSServer.testRenameSnapshot,,https://github.com/LALAYANG/hadoop/pull/6,Opened
https://github.com/apache/hadoop,cc2babc1f75c93bf89a8f10da525f944c15d02ea,hadoop-mapreduce-project/hadoop-mapreduce-client/hadoop-mapreduce-client-jobclient,org.apache.hadoop.mapred.TestClientRedirect.testRedirect,,https://github.com/apache/hadoop/pull/2968,Accepted
https://github.com/apache/hadoop,cc2babc1f75c93bf89a8f10da525f944c15d02ea,hadoop-mapreduce-project/hadoop-mapreduce-client/hadoop-mapreduce-client-jobclient,org.apache.hadoop.mapred.TestClusterMRNotification.testMR,,https://github.com/LALAYANG/hadoop/pull/2,Opened
https://github.com/apache/hadoop,cc2babc1f75c93bf89a8f10da525f944c15d02ea,hadoop-mapreduce-project/hadoop-mapreduce-client/hadoop-mapreduce-client-core,org.apache.hadoop.mapred.TestMapTask.testShufflePermissions,,https://github.com/LALAYANG/hadoop/pull/7,Opened
https://github.com/apache/hadoop,cc2babc1f75c93bf89a8f10da525f944c15d02ea,hadoop-mapreduce-project/hadoop-mapreduce-client/hadoop-mapreduce-client-jobclient,org.apache.hadoop.mapred.TestOldCombinerGrouping.testCombiner,,https://github.com/LALAYANG/hadoop/pull/3,Opened
https://github.com/apache/hadoop,cc2babc1f75c93bf89a8f10da525f944c15d02ea,hadoop-mapreduce-project/hadoop-mapreduce-client/hadoop-mapreduce-client-jobclient,org.apache.hadoop.mapreduce.TestNewCombinerGrouping.testCombiner,,https://github.com/LALAYANG/hadoop/pull/3,Opened
