org.apache.dubbo.common.threadlocal.InternalThreadLocalTest.testSetAndGet,pass,0.002,org.apache.dubbo.common.threadlocal.InternalThreadLocalTest.testSize,failure
org.apache.dubbo.common.threadlocal.InternalThreadLocalTest.testRemove,pass,0.003,org.apache.dubbo.common.threadlocal.InternalThreadLocalTest.testSize,failure
org.apache.dubbo.common.threadlocal.InternalThreadLocalTest.testRemoveAll,pass,0.003,org.apache.dubbo.common.threadlocal.InternalThreadLocalTest.testSize,failure
org.apache.dubbo.config.AbstractInterfaceConfigTest.testLoadRegistries,pass,0.133,org.apache.dubbo.config.AbstractInterfaceConfigTest.testCheckRegistry2,failure
org.apache.dubbo.config.AbstractInterfaceConfigTest.testLoadRegistries,pass,0.141,org.apache.dubbo.config.cache.CacheTest.testCache,error
org.apache.dubbo.config.AbstractInterfaceConfigTest.testLoadRegistries,pass,0.157,org.apache.dubbo.config.ReferenceConfigTest.testInjvm,error
org.apache.dubbo.config.ServiceConfigTest.testProxy,pass,0.201,org.apache.dubbo.config.ReferenceConfigTest.testReferenceRetry,failure
org.apache.dubbo.config.ServiceConfigTest.testExport,pass,0.307,org.apache.dubbo.config.ReferenceConfigTest.testReferenceRetry,failure
org.apache.dubbo.config.url.InvokerSideConfigUrlTest.consumerConfUrlTest,pass,0.665,org.apache.dubbo.config.ReferenceConfigTest.testReferenceRetry,failure
org.apache.dubbo.config.url.InvokerSideConfigUrlTest.refConfUrlTest,pass,0.729,org.apache.dubbo.config.ReferenceConfigTest.testReferenceRetry,failure
org.apache.dubbo.config.AbstractInterfaceConfigTest.testLoadRegistries,pass,0.158,org.apache.dubbo.config.ReferenceConfigTest.testReferenceRetry,failure
org.apache.dubbo.config.AbstractInterfaceConfigTest.testLoadRegistries,pass,0.135,org.apache.dubbo.config.validation.ValidationTest.testGenericValidation,error
org.apache.dubbo.config.AbstractInterfaceConfigTest.testLoadRegistries,pass,0.114,org.apache.dubbo.config.validation.ValidationTest.testProviderValidation,error
org.apache.dubbo.config.AbstractInterfaceConfigTest.testLoadRegistries,pass,0.148,org.apache.dubbo.config.validation.ValidationTest.testValidation,error
org.apache.dubbo.rpc.cluster.StickyTest.testMethodsSticky,pass,0.174,org.apache.dubbo.rpc.cluster.StickyTest.testMethodStickyNoCheck,failure
org.apache.dubbo.rpc.cluster.StickyTest.testMethodStickyForceCheck,pass,0.132,org.apache.dubbo.rpc.cluster.StickyTest.testMethodStickyNoCheck,failure
org.apache.dubbo.rpc.cluster.StickyTest.testStickyForceCheck,pass,0.133,org.apache.dubbo.rpc.cluster.StickyTest.testStickyNoCheck,failure
org.apache.dubbo.rpc.cluster.router.tag.TagRouterTest.testRoute_requestWithoutTag_shouldNotDowngrade,pass,0.129,org.apache.dubbo.rpc.cluster.support.AbstractClusterInvokerTest.testBindingAttachment,failure
org.apache.dubbo.rpc.cluster.router.tag.TagRouterTest.testRoute_matchTag,pass,0.111,org.apache.dubbo.rpc.cluster.support.AbstractClusterInvokerTest.testBindingAttachment,failure
org.apache.dubbo.rpc.cluster.router.tag.TagRouterTest.testRoute_matchDefault,pass,0.122,org.apache.dubbo.rpc.cluster.support.AbstractClusterInvokerTest.testBindingAttachment,failure
org.apache.dubbo.rpc.cluster.router.tag.TagRouterTest.testRoute_requestWithTag_shouldDowngrade,pass,0.128,org.apache.dubbo.rpc.cluster.support.AbstractClusterInvokerTest.testBindingAttachment,failure
org.apache.dubbo.rpc.cluster.router.tag.TagRouterTest.testRoute_requestWithoutTag_shouldNotDowngrade,pass,0.113,org.apache.dubbo.rpc.cluster.support.ForkingClusterInvokerTest.testClearRpcContext,failure
org.apache.dubbo.rpc.cluster.router.tag.TagRouterTest.testRoute_matchTag,pass,0.082,org.apache.dubbo.rpc.cluster.support.ForkingClusterInvokerTest.testClearRpcContext,failure
org.apache.dubbo.rpc.cluster.router.tag.TagRouterTest.testRoute_matchDefault,pass,0.102,org.apache.dubbo.rpc.cluster.support.ForkingClusterInvokerTest.testClearRpcContext,failure
org.apache.dubbo.rpc.cluster.router.tag.TagRouterTest.testRoute_requestWithTag_shouldDowngrade,pass,0.085,org.apache.dubbo.rpc.cluster.support.ForkingClusterInvokerTest.testClearRpcContext,failure
org.apache.dubbo.rpc.RpcContextTest.testAsync,pass,0.126,org.apache.dubbo.rpc.proxy.javassist.JavassistProxyFactoryTest.testGetInvoker,failure
org.apache.dubbo.rpc.RpcContextTest.testAsync,pass,0.11,org.apache.dubbo.rpc.proxy.jdk.JdkProxyFactoryTest.testGetInvoker,failure
org.apache.hadoop.fs.http.server.TestHttpFSServerWebServer.testStartStop,pass,2.893,org.apache.hadoop.fs.http.server.TestHttpFSServer.instrumentation,failure
org.apache.hadoop.fs.http.server.TestHttpFSServerWebServer.testServiceWithMissingSecretFile,pass,3.445,org.apache.hadoop.fs.http.server.TestHttpFSServer.instrumentation,failure
org.apache.hadoop.fs.http.server.TestHttpFSServerWebServer.testServiceWithSecretFile,pass,3.411,org.apache.hadoop.fs.http.server.TestHttpFSServer.instrumentation,failure
org.apache.hadoop.fs.http.server.TestHttpFSServerWebServer.testServiceWithEmptySecretFile,pass,3.409,org.apache.hadoop.fs.http.server.TestHttpFSServer.instrumentation,failure
org.apache.hadoop.fs.http.server.TestHttpFSServerWebServer.testServiceWithSecretFileWithDeprecatedConfigOnly,pass,3.414,org.apache.hadoop.fs.http.server.TestHttpFSServer.instrumentation,failure
org.apache.hadoop.fs.http.server.TestHttpFSServerWebServer.testDoubleStop,pass,2.958,org.apache.hadoop.fs.http.server.TestHttpFSServer.instrumentation,failure
org.apache.hadoop.fs.http.server.TestHttpFSServerWebServer.testJustStop,pass,0.903,org.apache.hadoop.fs.http.server.TestHttpFSServer.instrumentation,failure
org.apache.hadoop.fs.http.server.TestHttpFSServerWebServer.testServiceWithSecretFileWithBothConfigOptions,pass,3.405,org.apache.hadoop.fs.http.server.TestHttpFSServer.instrumentation,failure
org.apache.hadoop.fs.http.server.TestHttpFSServerWebServer.testDoubleStart,pass,2.919,org.apache.hadoop.fs.http.server.TestHttpFSServer.instrumentation,failure
org.apache.hadoop.lib.service.hadoop.TestFileSystemAccessService.kerberosInitializationFailure,pass,0.796,org.apache.hadoop.fs.http.server.TestHttpFSServer.instrumentation,error
org.apache.hadoop.fs.http.client.TestHttpFSWithHttpFSFileSystem.testOperationDoAs[18],pass,14.536,org.apache.hadoop.fs.http.server.TestHttpFSServerNoACLs.testWithNoAcls,error
org.apache.hadoop.fs.http.server.TestHttpFSServerWebServer.testStartStop,pass,3.158,org.apache.hadoop.fs.http.server.TestHttpFSServerNoACLs.testWithNoAcls,failure
org.apache.hadoop.fs.http.server.TestHttpFSServerWebServer.testServiceWithMissingSecretFile,pass,3.81,org.apache.hadoop.fs.http.server.TestHttpFSServerNoACLs.testWithNoAcls,failure
org.apache.hadoop.fs.http.server.TestHttpFSServerWebServer.testServiceWithSecretFile,pass,3.73,org.apache.hadoop.fs.http.server.TestHttpFSServerNoACLs.testWithNoAcls,failure
org.apache.hadoop.fs.http.server.TestHttpFSServerWebServer.testServiceWithEmptySecretFile,pass,3.566,org.apache.hadoop.fs.http.server.TestHttpFSServerNoACLs.testWithNoAcls,failure
org.apache.hadoop.fs.http.server.TestHttpFSServerWebServer.testServiceWithSecretFileWithDeprecatedConfigOnly,pass,3.728,org.apache.hadoop.fs.http.server.TestHttpFSServerNoACLs.testWithNoAcls,failure
org.apache.hadoop.fs.http.server.TestHttpFSServerWebServer.testDoubleStop,pass,3.172,org.apache.hadoop.fs.http.server.TestHttpFSServerNoACLs.testWithNoAcls,failure
org.apache.hadoop.fs.http.server.TestHttpFSServerWebServer.testJustStop,pass,1.035,org.apache.hadoop.fs.http.server.TestHttpFSServerNoACLs.testWithNoAcls,failure
org.apache.hadoop.fs.http.server.TestHttpFSServerWebServer.testServiceWithSecretFileWithBothConfigOptions,pass,3.653,org.apache.hadoop.fs.http.server.TestHttpFSServerNoACLs.testWithNoAcls,failure
org.apache.hadoop.fs.http.server.TestHttpFSServerWebServer.testDoubleStart,pass,3.228,org.apache.hadoop.fs.http.server.TestHttpFSServerNoACLs.testWithNoAcls,failure
org.apache.hadoop.lib.service.hadoop.TestFileSystemAccessService.kerberosInitializationFailure,pass,0.699,org.apache.hadoop.fs.http.server.TestHttpFSServerNoACLs.testWithNoAcls,error
org.apache.hadoop.fs.http.client.TestHttpFSFWithWebhdfsFileSystem.testOperation[13],pass,14.002,org.apache.hadoop.fs.http.server.TestHttpFSServerNoXAttrs.testWithXAttrs,error
org.apache.hadoop.fs.http.server.TestHttpFSServerWebServer.testStartStop,pass,4.575,org.apache.hadoop.fs.http.server.TestHttpFSServerNoXAttrs.testWithXAttrs,failure
org.apache.hadoop.fs.http.server.TestHttpFSServerWebServer.testServiceWithMissingSecretFile,pass,3.902,org.apache.hadoop.fs.http.server.TestHttpFSServerNoXAttrs.testWithXAttrs,failure
org.apache.hadoop.fs.http.server.TestHttpFSServerWebServer.testServiceWithSecretFile,pass,3.845,org.apache.hadoop.fs.http.server.TestHttpFSServerNoXAttrs.testWithXAttrs,failure
org.apache.hadoop.fs.http.server.TestHttpFSServerWebServer.testServiceWithEmptySecretFile,pass,3.842,org.apache.hadoop.fs.http.server.TestHttpFSServerNoXAttrs.testWithXAttrs,failure
org.apache.hadoop.fs.http.server.TestHttpFSServerWebServer.testServiceWithSecretFileWithDeprecatedConfigOnly,pass,3.698,org.apache.hadoop.fs.http.server.TestHttpFSServerNoXAttrs.testWithXAttrs,failure
org.apache.hadoop.fs.http.server.TestHttpFSServerWebServer.testDoubleStop,pass,3.089,org.apache.hadoop.fs.http.server.TestHttpFSServerNoXAttrs.testWithXAttrs,failure
org.apache.hadoop.fs.http.server.TestHttpFSServerWebServer.testJustStop,pass,1.036,org.apache.hadoop.fs.http.server.TestHttpFSServerNoXAttrs.testWithXAttrs,failure
org.apache.hadoop.fs.http.server.TestHttpFSServerWebServer.testServiceWithSecretFileWithBothConfigOptions,pass,3.893,org.apache.hadoop.fs.http.server.TestHttpFSServerNoXAttrs.testWithXAttrs,failure
org.apache.hadoop.fs.http.server.TestHttpFSServerWebServer.testDoubleStart,pass,3.438,org.apache.hadoop.fs.http.server.TestHttpFSServerNoXAttrs.testWithXAttrs,failure
org.apache.hadoop.lib.service.hadoop.TestFileSystemAccessService.kerberosInitializationFailure,pass,1.527,org.apache.hadoop.fs.http.server.TestHttpFSServerNoXAttrs.testWithXAttrs,error
org.apache.hadoop.fs.http.server.TestHttpFSServerWebServer.testStartStop,pass,2.851,org.apache.hadoop.fs.http.server.TestHttpFSServer.testCreateFileWithUnmaskedPermissions,failure
org.apache.hadoop.fs.http.server.TestHttpFSServerWebServer.testServiceWithMissingSecretFile,pass,3.439,org.apache.hadoop.fs.http.server.TestHttpFSServer.testCreateFileWithUnmaskedPermissions,failure
org.apache.hadoop.fs.http.server.TestHttpFSServerWebServer.testServiceWithSecretFile,pass,3.451,org.apache.hadoop.fs.http.server.TestHttpFSServer.testCreateFileWithUnmaskedPermissions,failure
org.apache.hadoop.fs.http.server.TestHttpFSServerWebServer.testServiceWithEmptySecretFile,pass,3.411,org.apache.hadoop.fs.http.server.TestHttpFSServer.testCreateFileWithUnmaskedPermissions,failure
org.apache.hadoop.fs.http.server.TestHttpFSServerWebServer.testServiceWithSecretFileWithDeprecatedConfigOnly,pass,3.479,org.apache.hadoop.fs.http.server.TestHttpFSServer.testCreateFileWithUnmaskedPermissions,failure
org.apache.hadoop.fs.http.server.TestHttpFSServerWebServer.testDoubleStop,pass,2.934,org.apache.hadoop.fs.http.server.TestHttpFSServer.testCreateFileWithUnmaskedPermissions,failure
org.apache.hadoop.fs.http.server.TestHttpFSServerWebServer.testJustStop,pass,0.911,org.apache.hadoop.fs.http.server.TestHttpFSServer.testCreateFileWithUnmaskedPermissions,failure
org.apache.hadoop.fs.http.server.TestHttpFSServerWebServer.testServiceWithSecretFileWithBothConfigOptions,pass,3.495,org.apache.hadoop.fs.http.server.TestHttpFSServer.testCreateFileWithUnmaskedPermissions,failure
org.apache.hadoop.fs.http.server.TestHttpFSServerWebServer.testDoubleStart,pass,2.941,org.apache.hadoop.fs.http.server.TestHttpFSServer.testCreateFileWithUnmaskedPermissions,failure
org.apache.hadoop.lib.service.hadoop.TestFileSystemAccessService.kerberosInitializationFailure,pass,0.714,org.apache.hadoop.fs.http.server.TestHttpFSServer.testCreateFileWithUnmaskedPermissions,error
org.apache.hadoop.fs.http.server.TestHttpFSServerWebServer.testStartStop,pass,2.9,org.apache.hadoop.fs.http.server.TestHttpFSServer.testCreateSnapshotNoSnapshotName,failure
org.apache.hadoop.fs.http.server.TestHttpFSServerWebServer.testServiceWithMissingSecretFile,pass,3.365,org.apache.hadoop.fs.http.server.TestHttpFSServer.testCreateSnapshotNoSnapshotName,failure
org.apache.hadoop.fs.http.server.TestHttpFSServerWebServer.testServiceWithSecretFile,pass,3.484,org.apache.hadoop.fs.http.server.TestHttpFSServer.testCreateSnapshotNoSnapshotName,failure
org.apache.hadoop.fs.http.server.TestHttpFSServerWebServer.testServiceWithEmptySecretFile,pass,3.415,org.apache.hadoop.fs.http.server.TestHttpFSServer.testCreateSnapshotNoSnapshotName,failure
org.apache.hadoop.fs.http.server.TestHttpFSServerWebServer.testServiceWithSecretFileWithDeprecatedConfigOnly,pass,3.464,org.apache.hadoop.fs.http.server.TestHttpFSServer.testCreateSnapshotNoSnapshotName,failure
org.apache.hadoop.fs.http.server.TestHttpFSServerWebServer.testDoubleStop,pass,2.984,org.apache.hadoop.fs.http.server.TestHttpFSServer.testCreateSnapshotNoSnapshotName,failure
org.apache.hadoop.fs.http.server.TestHttpFSServerWebServer.testJustStop,pass,0.924,org.apache.hadoop.fs.http.server.TestHttpFSServer.testCreateSnapshotNoSnapshotName,failure
org.apache.hadoop.fs.http.server.TestHttpFSServerWebServer.testServiceWithSecretFileWithBothConfigOptions,pass,3.402,org.apache.hadoop.fs.http.server.TestHttpFSServer.testCreateSnapshotNoSnapshotName,failure
org.apache.hadoop.fs.http.server.TestHttpFSServerWebServer.testDoubleStart,pass,2.939,org.apache.hadoop.fs.http.server.TestHttpFSServer.testCreateSnapshotNoSnapshotName,failure
org.apache.hadoop.lib.service.hadoop.TestFileSystemAccessService.kerberosInitializationFailure,pass,0.698,org.apache.hadoop.fs.http.server.TestHttpFSServer.testCreateSnapshotNoSnapshotName,error
org.apache.hadoop.fs.http.server.TestHttpFSServerWebServer.testStartStop,pass,2.891,org.apache.hadoop.fs.http.server.TestHttpFSServer.testDelegationTokenOperations,failure
org.apache.hadoop.fs.http.server.TestHttpFSServerWebServer.testServiceWithMissingSecretFile,pass,3.521,org.apache.hadoop.fs.http.server.TestHttpFSServer.testDelegationTokenOperations,failure
org.apache.hadoop.fs.http.server.TestHttpFSServerWebServer.testServiceWithSecretFile,pass,3.422,org.apache.hadoop.fs.http.server.TestHttpFSServer.testDelegationTokenOperations,failure
org.apache.hadoop.fs.http.server.TestHttpFSServerWebServer.testServiceWithEmptySecretFile,pass,3.498,org.apache.hadoop.fs.http.server.TestHttpFSServer.testDelegationTokenOperations,failure
org.apache.hadoop.fs.http.server.TestHttpFSServerWebServer.testServiceWithSecretFileWithDeprecatedConfigOnly,pass,3.451,org.apache.hadoop.fs.http.server.TestHttpFSServer.testDelegationTokenOperations,failure
org.apache.hadoop.fs.http.server.TestHttpFSServerWebServer.testDoubleStop,pass,2.926,org.apache.hadoop.fs.http.server.TestHttpFSServer.testDelegationTokenOperations,failure
org.apache.hadoop.fs.http.server.TestHttpFSServerWebServer.testJustStop,pass,0.931,org.apache.hadoop.fs.http.server.TestHttpFSServer.testDelegationTokenOperations,failure
org.apache.hadoop.fs.http.server.TestHttpFSServerWebServer.testServiceWithSecretFileWithBothConfigOptions,pass,3.383,org.apache.hadoop.fs.http.server.TestHttpFSServer.testDelegationTokenOperations,failure
org.apache.hadoop.fs.http.server.TestHttpFSServerWebServer.testDoubleStart,pass,2.93,org.apache.hadoop.fs.http.server.TestHttpFSServer.testDelegationTokenOperations,failure
org.apache.hadoop.lib.service.hadoop.TestFileSystemAccessService.kerberosInitializationFailure,pass,0.696,org.apache.hadoop.fs.http.server.TestHttpFSServer.testDelegationTokenOperations,error
org.apache.hadoop.fs.http.server.TestHttpFSServerWebServer.testStartStop,pass,3.048,org.apache.hadoop.fs.http.server.TestHttpFSServer.testDeleteSnapshot,failure
org.apache.hadoop.fs.http.server.TestHttpFSServerWebServer.testServiceWithMissingSecretFile,pass,3.501,org.apache.hadoop.fs.http.server.TestHttpFSServer.testDeleteSnapshot,failure
org.apache.hadoop.fs.http.server.TestHttpFSServerWebServer.testServiceWithSecretFile,pass,3.515,org.apache.hadoop.fs.http.server.TestHttpFSServer.testDeleteSnapshot,failure
org.apache.hadoop.fs.http.server.TestHttpFSServerWebServer.testServiceWithEmptySecretFile,pass,3.584,org.apache.hadoop.fs.http.server.TestHttpFSServer.testDeleteSnapshot,failure
org.apache.hadoop.fs.http.server.TestHttpFSServerWebServer.testServiceWithSecretFileWithDeprecatedConfigOnly,pass,3.535,org.apache.hadoop.fs.http.server.TestHttpFSServer.testDeleteSnapshot,failure
org.apache.hadoop.fs.http.server.TestHttpFSServerWebServer.testDoubleStop,pass,3.057,org.apache.hadoop.fs.http.server.TestHttpFSServer.testDeleteSnapshot,failure
org.apache.hadoop.fs.http.server.TestHttpFSServerWebServer.testJustStop,pass,0.962,org.apache.hadoop.fs.http.server.TestHttpFSServer.testDeleteSnapshot,failure
org.apache.hadoop.fs.http.server.TestHttpFSServerWebServer.testServiceWithSecretFileWithBothConfigOptions,pass,3.658,org.apache.hadoop.fs.http.server.TestHttpFSServer.testDeleteSnapshot,failure
org.apache.hadoop.fs.http.server.TestHttpFSServerWebServer.testDoubleStart,pass,2.948,org.apache.hadoop.fs.http.server.TestHttpFSServer.testDeleteSnapshot,failure
org.apache.hadoop.lib.service.hadoop.TestFileSystemAccessService.kerberosInitializationFailure,pass,0.826,org.apache.hadoop.fs.http.server.TestHttpFSServer.testDeleteSnapshot,error
org.apache.hadoop.lib.service.hadoop.TestFileSystemAccessService.kerberosInitializationFailure,pass,0.859,org.apache.hadoop.fs.http.server.TestHttpFSServer.testFileAcls,error
org.apache.hadoop.fs.http.server.TestHttpFSServerWebServer.testStartStop,pass,3.23,org.apache.hadoop.fs.http.server.TestHttpFSServer.testGetSnapshotDiff,failure
org.apache.hadoop.fs.http.server.TestHttpFSServerWebServer.testServiceWithMissingSecretFile,pass,3.658,org.apache.hadoop.fs.http.server.TestHttpFSServer.testGetSnapshotDiff,failure
org.apache.hadoop.fs.http.server.TestHttpFSServerWebServer.testServiceWithSecretFile,pass,3.771,org.apache.hadoop.fs.http.server.TestHttpFSServer.testGetSnapshotDiff,failure
org.apache.hadoop.fs.http.server.TestHttpFSServerWebServer.testServiceWithEmptySecretFile,pass,3.702,org.apache.hadoop.fs.http.server.TestHttpFSServer.testGetSnapshotDiff,failure
org.apache.hadoop.fs.http.server.TestHttpFSServerWebServer.testServiceWithSecretFileWithDeprecatedConfigOnly,pass,3.771,org.apache.hadoop.fs.http.server.TestHttpFSServer.testGetSnapshotDiff,failure
org.apache.hadoop.fs.http.server.TestHttpFSServerWebServer.testDoubleStop,pass,3.141,org.apache.hadoop.fs.http.server.TestHttpFSServer.testGetSnapshotDiff,failure
org.apache.hadoop.fs.http.server.TestHttpFSServerWebServer.testJustStop,pass,1.025,org.apache.hadoop.fs.http.server.TestHttpFSServer.testGetSnapshotDiff,error
org.apache.hadoop.fs.http.server.TestHttpFSServerWebServer.testServiceWithSecretFileWithBothConfigOptions,pass,3.568,org.apache.hadoop.fs.http.server.TestHttpFSServer.testGetSnapshotDiff,failure
org.apache.hadoop.fs.http.server.TestHttpFSServerWebServer.testDoubleStart,pass,3.099,org.apache.hadoop.fs.http.server.TestHttpFSServer.testGetSnapshotDiff,error
org.apache.hadoop.lib.service.hadoop.TestFileSystemAccessService.kerberosInitializationFailure,pass,0.807,org.apache.hadoop.fs.http.server.TestHttpFSServer.testGetSnapshotDiff,error
org.apache.hadoop.lib.service.instrumentation.TestInstrumentationService.timer,pass,1.881,org.apache.hadoop.fs.http.server.TestHttpFSServer.testGetSnapshotDiff,error
org.apache.hadoop.lib.servlet.TestServerWebApp.failedInit,pass,0.338,org.apache.hadoop.fs.http.server.TestHttpFSServer.testGetTrashRoot,error
org.apache.hadoop.fs.http.server.TestHttpFSServerWebServer.testStartStop,pass,3.179,org.apache.hadoop.fs.http.server.TestHttpFSServer.testGetTrashRoot,failure
org.apache.hadoop.fs.http.server.TestHttpFSServerWebServer.testServiceWithMissingSecretFile,pass,3.742,org.apache.hadoop.fs.http.server.TestHttpFSServer.testGetTrashRoot,failure
org.apache.hadoop.fs.http.server.TestHttpFSServerWebServer.testServiceWithSecretFile,pass,3.739,org.apache.hadoop.fs.http.server.TestHttpFSServer.testGetTrashRoot,failure
org.apache.hadoop.fs.http.server.TestHttpFSServerWebServer.testServiceWithEmptySecretFile,pass,3.85,org.apache.hadoop.fs.http.server.TestHttpFSServer.testGetTrashRoot,failure
org.apache.hadoop.fs.http.server.TestHttpFSServerWebServer.testServiceWithSecretFileWithDeprecatedConfigOnly,pass,3.649,org.apache.hadoop.fs.http.server.TestHttpFSServer.testGetTrashRoot,failure
org.apache.hadoop.fs.http.server.TestHttpFSServerWebServer.testDoubleStop,pass,3.017,org.apache.hadoop.fs.http.server.TestHttpFSServer.testGetTrashRoot,failure
org.apache.hadoop.fs.http.server.TestHttpFSServerWebServer.testJustStop,pass,1.003,org.apache.hadoop.fs.http.server.TestHttpFSServer.testGetTrashRoot,failure
org.apache.hadoop.fs.http.server.TestHttpFSServerWebServer.testServiceWithSecretFileWithBothConfigOptions,pass,3.705,org.apache.hadoop.fs.http.server.TestHttpFSServer.testGetTrashRoot,failure
org.apache.hadoop.fs.http.server.TestHttpFSServerWebServer.testDoubleStart,pass,3.207,org.apache.hadoop.fs.http.server.TestHttpFSServer.testGetTrashRoot,failure
org.apache.hadoop.lib.service.hadoop.TestFileSystemAccessService.createFileSystem,pass,11.229,org.apache.hadoop.fs.http.server.TestHttpFSServer.testGetTrashRoot,error
org.apache.hadoop.lib.service.hadoop.TestFileSystemAccessService.fileSystemExecutor,pass,12.137,org.apache.hadoop.fs.http.server.TestHttpFSServer.testGetTrashRoot,error
org.apache.hadoop.lib.service.hadoop.TestFileSystemAccessService.fileSystemCache,pass,23.346,org.apache.hadoop.fs.http.server.TestHttpFSServer.testGetTrashRoot,error
org.apache.hadoop.lib.service.hadoop.TestFileSystemAccessService.kerberosInitializationFailure,pass,0.754,org.apache.hadoop.fs.http.server.TestHttpFSServer.testGetTrashRoot,error
org.apache.hadoop.fs.http.server.TestHttpFSServerWebServer.testStartStop,pass,3.036,org.apache.hadoop.fs.http.server.TestHttpFSServer.testMkdirWithUnmaskedPermissions,failure
org.apache.hadoop.fs.http.server.TestHttpFSServerWebServer.testServiceWithMissingSecretFile,pass,3.708,org.apache.hadoop.fs.http.server.TestHttpFSServer.testMkdirWithUnmaskedPermissions,failure
org.apache.hadoop.fs.http.server.TestHttpFSServerWebServer.testServiceWithSecretFile,pass,3.681,org.apache.hadoop.fs.http.server.TestHttpFSServer.testMkdirWithUnmaskedPermissions,failure
org.apache.hadoop.fs.http.server.TestHttpFSServerWebServer.testServiceWithEmptySecretFile,pass,3.589,org.apache.hadoop.fs.http.server.TestHttpFSServer.testMkdirWithUnmaskedPermissions,failure
org.apache.hadoop.fs.http.server.TestHttpFSServerWebServer.testServiceWithSecretFileWithDeprecatedConfigOnly,pass,3.684,org.apache.hadoop.fs.http.server.TestHttpFSServer.testMkdirWithUnmaskedPermissions,failure
org.apache.hadoop.fs.http.server.TestHttpFSServerWebServer.testDoubleStop,pass,3.174,org.apache.hadoop.fs.http.server.TestHttpFSServer.testMkdirWithUnmaskedPermissions,failure
org.apache.hadoop.fs.http.server.TestHttpFSServerWebServer.testJustStop,pass,1.01,org.apache.hadoop.fs.http.server.TestHttpFSServer.testMkdirWithUnmaskedPermissions,error
org.apache.hadoop.fs.http.server.TestHttpFSServerWebServer.testServiceWithSecretFileWithBothConfigOptions,pass,4.021,org.apache.hadoop.fs.http.server.TestHttpFSServer.testMkdirWithUnmaskedPermissions,failure
org.apache.hadoop.fs.http.server.TestHttpFSServerWebServer.testDoubleStart,pass,3.053,org.apache.hadoop.fs.http.server.TestHttpFSServer.testMkdirWithUnmaskedPermissions,failure
org.apache.hadoop.lib.service.hadoop.TestFileSystemAccessService.kerberosInitializationFailure,pass,0.718,org.apache.hadoop.fs.http.server.TestHttpFSServer.testMkdirWithUnmaskedPermissions,error
org.apache.hadoop.fs.http.server.TestHttpFSServerWebServer.testStartStop,pass,3.048,org.apache.hadoop.fs.http.server.TestHttpFSServer.testOpenOffsetLength,failure
org.apache.hadoop.fs.http.server.TestHttpFSServerWebServer.testServiceWithMissingSecretFile,pass,3.723,org.apache.hadoop.fs.http.server.TestHttpFSServer.testOpenOffsetLength,failure
org.apache.hadoop.fs.http.server.TestHttpFSServerWebServer.testServiceWithSecretFile,pass,3.728,org.apache.hadoop.fs.http.server.TestHttpFSServer.testOpenOffsetLength,failure
org.apache.hadoop.fs.http.server.TestHttpFSServerWebServer.testServiceWithEmptySecretFile,pass,3.793,org.apache.hadoop.fs.http.server.TestHttpFSServer.testOpenOffsetLength,failure
org.apache.hadoop.fs.http.server.TestHttpFSServerWebServer.testServiceWithSecretFileWithDeprecatedConfigOnly,pass,3.73,org.apache.hadoop.fs.http.server.TestHttpFSServer.testOpenOffsetLength,failure
org.apache.hadoop.fs.http.server.TestHttpFSServerWebServer.testDoubleStop,pass,3.214,org.apache.hadoop.fs.http.server.TestHttpFSServer.testOpenOffsetLength,failure
org.apache.hadoop.fs.http.server.TestHttpFSServerWebServer.testJustStop,pass,1.006,org.apache.hadoop.fs.http.server.TestHttpFSServer.testOpenOffsetLength,failure
org.apache.hadoop.fs.http.server.TestHttpFSServerWebServer.testServiceWithSecretFileWithBothConfigOptions,pass,3.657,org.apache.hadoop.fs.http.server.TestHttpFSServer.testOpenOffsetLength,failure
org.apache.hadoop.fs.http.server.TestHttpFSServerWebServer.testDoubleStart,pass,3.182,org.apache.hadoop.fs.http.server.TestHttpFSServer.testOpenOffsetLength,failure
org.apache.hadoop.lib.service.hadoop.TestFileSystemAccessService.createFileSystem,pass,11.554,org.apache.hadoop.fs.http.server.TestHttpFSServer.testOpenOffsetLength,error
org.apache.hadoop.lib.service.hadoop.TestFileSystemAccessService.fileSystemExecutor,pass,12.2,org.apache.hadoop.fs.http.server.TestHttpFSServer.testOpenOffsetLength,error
org.apache.hadoop.lib.service.hadoop.TestFileSystemAccessService.fileSystemCache,pass,24.633,org.apache.hadoop.fs.http.server.TestHttpFSServer.testOpenOffsetLength,error
org.apache.hadoop.lib.service.hadoop.TestFileSystemAccessService.kerberosInitializationFailure,pass,0.843,org.apache.hadoop.fs.http.server.TestHttpFSServer.testOpenOffsetLength,error
org.apache.hadoop.lib.servlet.TestMDCFilter.mdc,pass,0.875,org.apache.hadoop.fs.http.server.TestHttpFSServer.testOpenOffsetLength,error
org.apache.hadoop.fs.http.server.TestHttpFSServerWebServer.testStartStop,pass,3.024,org.apache.hadoop.fs.http.server.TestHttpFSServer.testPerms,failure
org.apache.hadoop.fs.http.server.TestHttpFSServerWebServer.testServiceWithMissingSecretFile,pass,3.485,org.apache.hadoop.fs.http.server.TestHttpFSServer.testPerms,failure
org.apache.hadoop.fs.http.server.TestHttpFSServerWebServer.testServiceWithSecretFile,pass,3.54,org.apache.hadoop.fs.http.server.TestHttpFSServer.testPerms,failure
org.apache.hadoop.fs.http.server.TestHttpFSServerWebServer.testServiceWithEmptySecretFile,pass,3.584,org.apache.hadoop.fs.http.server.TestHttpFSServer.testPerms,failure
org.apache.hadoop.fs.http.server.TestHttpFSServerWebServer.testServiceWithSecretFileWithDeprecatedConfigOnly,pass,3.569,org.apache.hadoop.fs.http.server.TestHttpFSServer.testPerms,failure
org.apache.hadoop.fs.http.server.TestHttpFSServerWebServer.testDoubleStop,pass,3.101,org.apache.hadoop.fs.http.server.TestHttpFSServer.testPerms,failure
org.apache.hadoop.fs.http.server.TestHttpFSServerWebServer.testJustStop,pass,0.992,org.apache.hadoop.fs.http.server.TestHttpFSServer.testPerms,failure
org.apache.hadoop.fs.http.server.TestHttpFSServerWebServer.testServiceWithSecretFileWithBothConfigOptions,pass,3.722,org.apache.hadoop.fs.http.server.TestHttpFSServer.testPerms,failure
org.apache.hadoop.fs.http.server.TestHttpFSServerWebServer.testDoubleStart,pass,3.1,org.apache.hadoop.fs.http.server.TestHttpFSServer.testPerms,failure
org.apache.hadoop.lib.service.hadoop.TestFileSystemAccessService.kerberosInitializationFailure,pass,0.74,org.apache.hadoop.fs.http.server.TestHttpFSServer.testPerms,error
org.apache.hadoop.fs.http.server.TestHttpFSServerWebServer.testStartStop,pass,3.237,org.apache.hadoop.fs.http.server.TestHttpFSServer.testRenameSnapshot,failure
org.apache.hadoop.fs.http.server.TestHttpFSServerWebServer.testServiceWithMissingSecretFile,pass,3.911,org.apache.hadoop.fs.http.server.TestHttpFSServer.testRenameSnapshot,failure
org.apache.hadoop.fs.http.server.TestHttpFSServerWebServer.testServiceWithSecretFile,pass,3.854,org.apache.hadoop.fs.http.server.TestHttpFSServer.testRenameSnapshot,failure
org.apache.hadoop.fs.http.server.TestHttpFSServerWebServer.testServiceWithEmptySecretFile,pass,3.784,org.apache.hadoop.fs.http.server.TestHttpFSServer.testRenameSnapshot,failure
org.apache.hadoop.fs.http.server.TestHttpFSServerWebServer.testServiceWithSecretFileWithDeprecatedConfigOnly,pass,3.764,org.apache.hadoop.fs.http.server.TestHttpFSServer.testRenameSnapshot,failure
org.apache.hadoop.fs.http.server.TestHttpFSServerWebServer.testDoubleStop,pass,3.156,org.apache.hadoop.fs.http.server.TestHttpFSServer.testRenameSnapshot,failure
org.apache.hadoop.fs.http.server.TestHttpFSServerWebServer.testJustStop,pass,0.988,org.apache.hadoop.fs.http.server.TestHttpFSServer.testRenameSnapshot,failure
org.apache.hadoop.fs.http.server.TestHttpFSServerWebServer.testServiceWithSecretFileWithBothConfigOptions,pass,3.71,org.apache.hadoop.fs.http.server.TestHttpFSServer.testRenameSnapshot,failure
org.apache.hadoop.fs.http.server.TestHttpFSServerWebServer.testDoubleStart,pass,3.053,org.apache.hadoop.fs.http.server.TestHttpFSServer.testRenameSnapshot,failure
org.apache.hadoop.lib.service.hadoop.TestFileSystemAccessService.kerberosInitializationFailure,pass,0.77,org.apache.hadoop.fs.http.server.TestHttpFSServer.testRenameSnapshot,error
org.apache.hadoop.lib.server.TestServer.initNoTempDir,pass,0.225,org.apache.hadoop.fs.http.server.TestHttpFSServer.testRenameSnapshot,error
org.apache.hadoop.fs.http.server.TestHttpFSServerWebServer.testStartStop,pass,3.204,org.apache.hadoop.fs.http.server.TestHttpFSServer.testXAttrs,failure
org.apache.hadoop.fs.http.server.TestHttpFSServerWebServer.testServiceWithMissingSecretFile,pass,4.052,org.apache.hadoop.fs.http.server.TestHttpFSServer.testXAttrs,failure
org.apache.hadoop.fs.http.server.TestHttpFSServerWebServer.testServiceWithSecretFile,pass,3.872,org.apache.hadoop.fs.http.server.TestHttpFSServer.testXAttrs,failure
org.apache.hadoop.fs.http.server.TestHttpFSServerWebServer.testServiceWithEmptySecretFile,pass,3.731,org.apache.hadoop.fs.http.server.TestHttpFSServer.testXAttrs,failure
org.apache.hadoop.fs.http.server.TestHttpFSServerWebServer.testServiceWithSecretFileWithDeprecatedConfigOnly,pass,3.757,org.apache.hadoop.fs.http.server.TestHttpFSServer.testXAttrs,failure
org.apache.hadoop.fs.http.server.TestHttpFSServerWebServer.testDoubleStop,pass,3.121,org.apache.hadoop.fs.http.server.TestHttpFSServer.testXAttrs,failure
org.apache.hadoop.fs.http.server.TestHttpFSServerWebServer.testJustStop,pass,1.02,org.apache.hadoop.fs.http.server.TestHttpFSServer.testXAttrs,failure
org.apache.hadoop.fs.http.server.TestHttpFSServerWebServer.testServiceWithSecretFileWithBothConfigOptions,pass,3.666,org.apache.hadoop.fs.http.server.TestHttpFSServer.testXAttrs,failure
org.apache.hadoop.fs.http.server.TestHttpFSServerWebServer.testDoubleStart,pass,3.135,org.apache.hadoop.fs.http.server.TestHttpFSServer.testXAttrs,failure
org.apache.hadoop.lib.service.hadoop.TestFileSystemAccessService.kerberosInitializationFailure,pass,0.725,org.apache.hadoop.fs.http.server.TestHttpFSServer.testXAttrs,error
org.apache.hadoop.fs.http.server.TestHttpFSServerNoXAttrs.testWithXAttrs,pass,9.736,org.apache.hadoop.fs.http.server.TestHttpFSServer.testXAttrs,error
org.apache.hadoop.lib.service.hadoop.TestFileSystemAccessService.kerberosInitializationFailure,pass,0.776,org.apache.hadoop.lib.service.hadoop.TestFileSystemAccessService.createFileSystem,error
org.apache.hadoop.fs.http.server.TestHttpFSServer.testGetTrashRoot,pass,14.33,org.apache.hadoop.lib.service.hadoop.TestFileSystemAccessService.createFileSystem,error
org.apache.hadoop.fs.http.server.TestHttpFSServer.testOpenOffsetLength,pass,14.14,org.apache.hadoop.lib.service.hadoop.TestFileSystemAccessService.createFileSystem,error
org.apache.hadoop.fs.http.server.TestHttpFSServer.testContentType,pass,13.196,org.apache.hadoop.lib.service.hadoop.TestFileSystemAccessService.createFileSystem,error
org.apache.hadoop.fs.http.client.TestHttpFSWithHttpFSFileSystem.testOperation[0],pass,13.056,org.apache.hadoop.lib.servlet.TestServerWebApp.getHomeDir,failure
org.apache.hadoop.fs.http.client.TestHttpFSWithHttpFSFileSystem.testOperationDoAs[0],pass,13.067,org.apache.hadoop.lib.servlet.TestServerWebApp.getHomeDir,failure
org.apache.hadoop.fs.http.client.TestHttpFSWithHttpFSFileSystem.testOperation[1],pass,14.271,org.apache.hadoop.lib.servlet.TestServerWebApp.getHomeDir,failure
org.apache.hadoop.fs.http.client.TestHttpFSWithHttpFSFileSystem.testOperationDoAs[1],pass,15.059,org.apache.hadoop.lib.servlet.TestServerWebApp.getHomeDir,failure
org.apache.hadoop.fs.http.client.TestHttpFSWithHttpFSFileSystem.testOperation[2],pass,15.218,org.apache.hadoop.lib.servlet.TestServerWebApp.getHomeDir,failure
org.apache.hadoop.fs.http.client.TestHttpFSWithHttpFSFileSystem.testOperationDoAs[2],pass,14.463,org.apache.hadoop.lib.servlet.TestServerWebApp.getHomeDir,failure
org.apache.hadoop.fs.http.client.TestHttpFSWithHttpFSFileSystem.testOperation[3],pass,14.382,org.apache.hadoop.lib.servlet.TestServerWebApp.getHomeDir,failure
org.apache.hadoop.fs.http.client.TestHttpFSWithHttpFSFileSystem.testOperationDoAs[3],pass,14.36,org.apache.hadoop.lib.servlet.TestServerWebApp.getHomeDir,failure
org.apache.hadoop.fs.http.client.TestHttpFSWithHttpFSFileSystem.testOperation[4],pass,13.31,org.apache.hadoop.lib.servlet.TestServerWebApp.getHomeDir,failure
org.apache.hadoop.fs.http.client.TestHttpFSWithHttpFSFileSystem.testOperationDoAs[4],pass,13.439,org.apache.hadoop.lib.servlet.TestServerWebApp.getHomeDir,failure
org.apache.hadoop.fs.http.client.TestHttpFSWithHttpFSFileSystem.testOperation[5],pass,14.323,org.apache.hadoop.lib.servlet.TestServerWebApp.getHomeDir,failure
org.apache.hadoop.fs.http.client.TestHttpFSWithHttpFSFileSystem.testOperationDoAs[5],pass,14.376,org.apache.hadoop.lib.servlet.TestServerWebApp.getHomeDir,failure
org.apache.hadoop.fs.http.client.TestHttpFSWithHttpFSFileSystem.testOperation[6],pass,13.481,org.apache.hadoop.lib.servlet.TestServerWebApp.getHomeDir,failure
org.apache.hadoop.fs.http.client.TestHttpFSWithHttpFSFileSystem.testOperationDoAs[6],pass,13.645,org.apache.hadoop.lib.servlet.TestServerWebApp.getHomeDir,failure
org.apache.hadoop.fs.http.client.TestHttpFSWithHttpFSFileSystem.testOperation[7],pass,13.789,org.apache.hadoop.lib.servlet.TestServerWebApp.getHomeDir,failure
org.apache.hadoop.fs.http.client.TestHttpFSWithHttpFSFileSystem.testOperationDoAs[7],pass,13.869,org.apache.hadoop.lib.servlet.TestServerWebApp.getHomeDir,failure
org.apache.hadoop.fs.http.client.TestHttpFSWithHttpFSFileSystem.testOperation[8],pass,14.517,org.apache.hadoop.lib.servlet.TestServerWebApp.getHomeDir,failure
org.apache.hadoop.fs.http.client.TestHttpFSWithHttpFSFileSystem.testOperationDoAs[8],pass,14.516,org.apache.hadoop.lib.servlet.TestServerWebApp.getHomeDir,failure
org.apache.hadoop.fs.http.client.TestHttpFSWithHttpFSFileSystem.testOperation[9],pass,13.576,org.apache.hadoop.lib.servlet.TestServerWebApp.getHomeDir,failure
org.apache.hadoop.fs.http.client.TestHttpFSWithHttpFSFileSystem.testOperationDoAs[9],pass,13.641,org.apache.hadoop.lib.servlet.TestServerWebApp.getHomeDir,failure
org.apache.hadoop.fs.http.client.TestHttpFSWithHttpFSFileSystem.testOperation[10],pass,14.107,org.apache.hadoop.lib.servlet.TestServerWebApp.getHomeDir,failure
org.apache.hadoop.fs.http.client.TestHttpFSWithHttpFSFileSystem.testOperationDoAs[10],pass,13.698,org.apache.hadoop.lib.servlet.TestServerWebApp.getHomeDir,failure
org.apache.hadoop.fs.http.client.TestHttpFSWithHttpFSFileSystem.testOperation[11],pass,15.013,org.apache.hadoop.lib.servlet.TestServerWebApp.getHomeDir,failure
org.apache.hadoop.fs.http.client.TestHttpFSWithHttpFSFileSystem.testOperationDoAs[11],pass,14.42,org.apache.hadoop.lib.servlet.TestServerWebApp.getHomeDir,failure
org.apache.hadoop.fs.http.client.TestHttpFSWithHttpFSFileSystem.testOperation[12],pass,13.861,org.apache.hadoop.lib.servlet.TestServerWebApp.getHomeDir,failure
org.apache.hadoop.fs.http.client.TestHttpFSWithHttpFSFileSystem.testOperationDoAs[12],pass,13.73,org.apache.hadoop.lib.servlet.TestServerWebApp.getHomeDir,failure
org.apache.hadoop.fs.http.client.TestHttpFSWithHttpFSFileSystem.testOperation[13],pass,14.254,org.apache.hadoop.lib.servlet.TestServerWebApp.getHomeDir,failure
org.apache.hadoop.fs.http.client.TestHttpFSWithHttpFSFileSystem.testOperationDoAs[13],pass,14.253,org.apache.hadoop.lib.servlet.TestServerWebApp.getHomeDir,failure
org.apache.hadoop.fs.http.client.TestHttpFSWithHttpFSFileSystem.testOperation[14],pass,14.572,org.apache.hadoop.lib.servlet.TestServerWebApp.getHomeDir,failure
org.apache.hadoop.fs.http.client.TestHttpFSWithHttpFSFileSystem.testOperationDoAs[14],pass,15.116,org.apache.hadoop.lib.servlet.TestServerWebApp.getHomeDir,failure
org.apache.hadoop.fs.http.client.TestHttpFSWithHttpFSFileSystem.testOperation[15],pass,14.455,org.apache.hadoop.lib.servlet.TestServerWebApp.getHomeDir,failure
org.apache.hadoop.fs.http.client.TestHttpFSWithHttpFSFileSystem.testOperationDoAs[15],pass,14.43,org.apache.hadoop.lib.servlet.TestServerWebApp.getHomeDir,failure
org.apache.hadoop.fs.http.client.TestHttpFSWithHttpFSFileSystem.testOperation[16],pass,14.395,org.apache.hadoop.lib.servlet.TestServerWebApp.getHomeDir,failure
org.apache.hadoop.fs.http.client.TestHttpFSWithHttpFSFileSystem.testOperationDoAs[16],pass,14.477,org.apache.hadoop.lib.servlet.TestServerWebApp.getHomeDir,failure
org.apache.hadoop.fs.http.client.TestHttpFSWithHttpFSFileSystem.testOperation[17],pass,14.772,org.apache.hadoop.lib.servlet.TestServerWebApp.getHomeDir,failure
org.apache.hadoop.fs.http.client.TestHttpFSWithHttpFSFileSystem.testOperationDoAs[17],pass,14.648,org.apache.hadoop.lib.servlet.TestServerWebApp.getHomeDir,failure
org.apache.hadoop.fs.http.client.TestHttpFSWithHttpFSFileSystem.testOperation[18],pass,14.608,org.apache.hadoop.lib.servlet.TestServerWebApp.getHomeDir,failure
org.apache.hadoop.fs.http.client.TestHttpFSWithHttpFSFileSystem.testOperationDoAs[18],pass,14.355,org.apache.hadoop.lib.servlet.TestServerWebApp.getHomeDir,failure
org.apache.hadoop.fs.http.client.TestHttpFSWithHttpFSFileSystem.testOperation[19],pass,13.622,org.apache.hadoop.lib.servlet.TestServerWebApp.getHomeDir,failure
org.apache.hadoop.fs.http.client.TestHttpFSWithHttpFSFileSystem.testOperationDoAs[19],pass,13.616,org.apache.hadoop.lib.servlet.TestServerWebApp.getHomeDir,failure
org.apache.hadoop.fs.http.client.TestHttpFSWithHttpFSFileSystem.testOperation[20],pass,14.551,org.apache.hadoop.lib.servlet.TestServerWebApp.getHomeDir,failure
org.apache.hadoop.fs.http.client.TestHttpFSWithHttpFSFileSystem.testOperationDoAs[20],pass,14.795,org.apache.hadoop.lib.servlet.TestServerWebApp.getHomeDir,failure
org.apache.hadoop.fs.http.client.TestHttpFSWithHttpFSFileSystem.testOperation[21],pass,14.208,org.apache.hadoop.lib.servlet.TestServerWebApp.getHomeDir,failure
org.apache.hadoop.fs.http.client.TestHttpFSWithHttpFSFileSystem.testOperationDoAs[21],pass,14.37,org.apache.hadoop.lib.servlet.TestServerWebApp.getHomeDir,failure
org.apache.hadoop.fs.http.client.TestHttpFSWithHttpFSFileSystem.testOperation[22],pass,14.026,org.apache.hadoop.lib.servlet.TestServerWebApp.getHomeDir,failure
org.apache.hadoop.fs.http.client.TestHttpFSWithHttpFSFileSystem.testOperationDoAs[22],pass,14.19,org.apache.hadoop.lib.servlet.TestServerWebApp.getHomeDir,failure
org.apache.hadoop.fs.http.client.TestHttpFSWithHttpFSFileSystem.testOperation[23],pass,14.14,org.apache.hadoop.lib.servlet.TestServerWebApp.getHomeDir,failure
org.apache.hadoop.fs.http.client.TestHttpFSWithHttpFSFileSystem.testOperationDoAs[23],pass,14.152,org.apache.hadoop.lib.servlet.TestServerWebApp.getHomeDir,failure
org.apache.hadoop.fs.http.client.TestHttpFSWithHttpFSFileSystem.testOperation[24],pass,13.715,org.apache.hadoop.lib.servlet.TestServerWebApp.getHomeDir,failure
org.apache.hadoop.fs.http.client.TestHttpFSWithHttpFSFileSystem.testOperationDoAs[24],pass,13.535,org.apache.hadoop.lib.servlet.TestServerWebApp.getHomeDir,failure
org.apache.hadoop.fs.http.client.TestHttpFSWithHttpFSFileSystem.testOperation[25],pass,13.852,org.apache.hadoop.lib.servlet.TestServerWebApp.getHomeDir,failure
org.apache.hadoop.fs.http.client.TestHttpFSWithHttpFSFileSystem.testOperationDoAs[25],pass,13.676,org.apache.hadoop.lib.servlet.TestServerWebApp.getHomeDir,failure
org.apache.hadoop.fs.http.client.TestHttpFSWithHttpFSFileSystem.testOperation[26],pass,14.057,org.apache.hadoop.lib.servlet.TestServerWebApp.getHomeDir,failure
org.apache.hadoop.fs.http.client.TestHttpFSWithHttpFSFileSystem.testOperationDoAs[26],pass,14.188,org.apache.hadoop.lib.servlet.TestServerWebApp.getHomeDir,failure
org.apache.hadoop.fs.http.client.TestHttpFSWithHttpFSFileSystem.testOperation[27],pass,13.59,org.apache.hadoop.lib.servlet.TestServerWebApp.getHomeDir,failure
org.apache.hadoop.fs.http.client.TestHttpFSWithHttpFSFileSystem.testOperationDoAs[27],pass,13.481,org.apache.hadoop.lib.servlet.TestServerWebApp.getHomeDir,failure
org.apache.hadoop.fs.http.client.TestHttpFSWithHttpFSFileSystem.testOperation[28],pass,13.457,org.apache.hadoop.lib.servlet.TestServerWebApp.getHomeDir,failure
org.apache.hadoop.fs.http.client.TestHttpFSWithHttpFSFileSystem.testOperationDoAs[28],pass,13.489,org.apache.hadoop.lib.servlet.TestServerWebApp.getHomeDir,failure
org.apache.hadoop.fs.http.client.TestHttpFSWithHttpFSFileSystem.testOperation[29],pass,13.568,org.apache.hadoop.lib.servlet.TestServerWebApp.getHomeDir,failure
org.apache.hadoop.fs.http.client.TestHttpFSWithHttpFSFileSystem.testOperationDoAs[29],pass,14.223,org.apache.hadoop.lib.servlet.TestServerWebApp.getHomeDir,failure
org.apache.hadoop.fs.http.client.TestHttpFSWithHttpFSFileSystem.testOperation[30],pass,13.653,org.apache.hadoop.lib.servlet.TestServerWebApp.getHomeDir,failure
org.apache.hadoop.fs.http.client.TestHttpFSWithHttpFSFileSystem.testOperationDoAs[30],pass,14.107,org.apache.hadoop.lib.servlet.TestServerWebApp.getHomeDir,failure
org.apache.hadoop.fs.http.client.TestHttpFSWithHttpFSFileSystem.testOperation[31],pass,14.205,org.apache.hadoop.lib.servlet.TestServerWebApp.getHomeDir,failure
org.apache.hadoop.fs.http.client.TestHttpFSWithHttpFSFileSystem.testOperationDoAs[31],pass,13.94,org.apache.hadoop.lib.servlet.TestServerWebApp.getHomeDir,failure
org.apache.hadoop.fs.http.client.TestHttpFSWithHttpFSFileSystem.testOperation[32],pass,13.97,org.apache.hadoop.lib.servlet.TestServerWebApp.getHomeDir,failure
org.apache.hadoop.fs.http.client.TestHttpFSWithHttpFSFileSystem.testOperationDoAs[32],pass,13.456,org.apache.hadoop.lib.servlet.TestServerWebApp.getHomeDir,failure
org.apache.hadoop.fs.http.client.TestHttpFSWithHttpFSFileSystem.testOperation[33],pass,13.499,org.apache.hadoop.lib.servlet.TestServerWebApp.getHomeDir,failure
org.apache.hadoop.fs.http.client.TestHttpFSWithHttpFSFileSystem.testOperationDoAs[33],pass,13.71,org.apache.hadoop.lib.servlet.TestServerWebApp.getHomeDir,failure
org.apache.hadoop.fs.http.client.TestHttpFSWithHttpFSFileSystem.testOperation[34],pass,13.794,org.apache.hadoop.lib.servlet.TestServerWebApp.getHomeDir,failure
org.apache.hadoop.fs.http.client.TestHttpFSWithHttpFSFileSystem.testOperationDoAs[34],pass,14.035,org.apache.hadoop.lib.servlet.TestServerWebApp.getHomeDir,failure
org.apache.hadoop.fs.http.client.TestHttpFSWithHttpFSFileSystem.testOperation[35],pass,14.305,org.apache.hadoop.lib.servlet.TestServerWebApp.getHomeDir,failure
org.apache.hadoop.fs.http.client.TestHttpFSWithHttpFSFileSystem.testOperationDoAs[35],pass,14.534,org.apache.hadoop.lib.servlet.TestServerWebApp.getHomeDir,failure
org.apache.hadoop.fs.http.client.TestHttpFSWithHttpFSFileSystem.testOperation[36],pass,14.876,org.apache.hadoop.lib.servlet.TestServerWebApp.getHomeDir,failure
org.apache.hadoop.fs.http.client.TestHttpFSWithHttpFSFileSystem.testOperationDoAs[36],pass,14.844,org.apache.hadoop.lib.servlet.TestServerWebApp.getHomeDir,failure
org.apache.hadoop.fs.http.client.TestHttpFSWithHttpFSFileSystem.testOperation[37],pass,13.655,org.apache.hadoop.lib.servlet.TestServerWebApp.getHomeDir,failure
org.apache.hadoop.fs.http.client.TestHttpFSWithHttpFSFileSystem.testOperationDoAs[37],pass,13.742,org.apache.hadoop.lib.servlet.TestServerWebApp.getHomeDir,failure
org.apache.hadoop.fs.http.client.TestHttpFSWithHttpFSFileSystem.testOperation[38],pass,14.679,org.apache.hadoop.lib.servlet.TestServerWebApp.getHomeDir,failure
org.apache.hadoop.fs.http.client.TestHttpFSWithHttpFSFileSystem.testOperationDoAs[38],pass,14.706,org.apache.hadoop.lib.servlet.TestServerWebApp.getHomeDir,failure
org.apache.hadoop.fs.http.client.TestHttpFSWithHttpFSFileSystem.testOperation[39],pass,13.332,org.apache.hadoop.lib.servlet.TestServerWebApp.getHomeDir,failure
org.apache.hadoop.fs.http.client.TestHttpFSWithHttpFSFileSystem.testOperationDoAs[39],pass,13.367,org.apache.hadoop.lib.servlet.TestServerWebApp.getHomeDir,failure
org.apache.hadoop.fs.http.client.TestHttpFSWithHttpFSFileSystem.testOperation[40],pass,13.524,org.apache.hadoop.lib.servlet.TestServerWebApp.getHomeDir,failure
org.apache.hadoop.fs.http.client.TestHttpFSWithHttpFSFileSystem.testOperationDoAs[40],pass,13.469,org.apache.hadoop.lib.servlet.TestServerWebApp.getHomeDir,failure
org.apache.hadoop.fs.http.client.TestHttpFSWithHttpFSFileSystem.testOperation[41],pass,14.531,org.apache.hadoop.lib.servlet.TestServerWebApp.getHomeDir,failure
org.apache.hadoop.fs.http.client.TestHttpFSWithHttpFSFileSystem.testOperationDoAs[41],pass,13.468,org.apache.hadoop.lib.servlet.TestServerWebApp.getHomeDir,failure
org.apache.hadoop.fs.http.client.TestHttpFSWithHttpFSFileSystem.testOperation[42],pass,13.574,org.apache.hadoop.lib.servlet.TestServerWebApp.getHomeDir,failure
org.apache.hadoop.fs.http.client.TestHttpFSWithHttpFSFileSystem.testOperationDoAs[42],pass,13.553,org.apache.hadoop.lib.servlet.TestServerWebApp.getHomeDir,failure
org.apache.hadoop.fs.http.client.TestHttpFSWithHttpFSFileSystem.testOperation[43],pass,15.222,org.apache.hadoop.lib.servlet.TestServerWebApp.getHomeDir,failure
org.apache.hadoop.fs.http.client.TestHttpFSWithHttpFSFileSystem.testOperationDoAs[43],pass,14.987,org.apache.hadoop.lib.servlet.TestServerWebApp.getHomeDir,failure
org.apache.hadoop.fs.http.client.TestHttpFSFWithWebhdfsFileSystem.testOperation[0],pass,13.1,org.apache.hadoop.lib.servlet.TestServerWebApp.getHomeDir,failure
org.apache.hadoop.fs.http.client.TestHttpFSFWithWebhdfsFileSystem.testOperationDoAs[0],pass,13.937,org.apache.hadoop.lib.servlet.TestServerWebApp.getHomeDir,failure
org.apache.hadoop.fs.http.client.TestHttpFSFWithWebhdfsFileSystem.testOperation[1],pass,15.179,org.apache.hadoop.lib.servlet.TestServerWebApp.getHomeDir,failure
org.apache.hadoop.fs.http.client.TestHttpFSFWithWebhdfsFileSystem.testOperationDoAs[1],pass,14.992,org.apache.hadoop.lib.servlet.TestServerWebApp.getHomeDir,failure
org.apache.hadoop.fs.http.client.TestHttpFSFWithWebhdfsFileSystem.testOperation[2],pass,14.382,org.apache.hadoop.lib.servlet.TestServerWebApp.getHomeDir,failure
org.apache.hadoop.fs.http.client.TestHttpFSFWithWebhdfsFileSystem.testOperationDoAs[2],pass,14.397,org.apache.hadoop.lib.servlet.TestServerWebApp.getHomeDir,failure
org.apache.hadoop.fs.http.client.TestHttpFSFWithWebhdfsFileSystem.testOperation[3],pass,14.355,org.apache.hadoop.lib.servlet.TestServerWebApp.getHomeDir,failure
org.apache.hadoop.fs.http.client.TestHttpFSFWithWebhdfsFileSystem.testOperationDoAs[3],pass,14.376,org.apache.hadoop.lib.servlet.TestServerWebApp.getHomeDir,failure
org.apache.hadoop.fs.http.client.TestHttpFSFWithWebhdfsFileSystem.testOperation[4],pass,13.308,org.apache.hadoop.lib.servlet.TestServerWebApp.getHomeDir,failure
org.apache.hadoop.fs.http.client.TestHttpFSFWithWebhdfsFileSystem.testOperationDoAs[4],pass,13.577,org.apache.hadoop.lib.servlet.TestServerWebApp.getHomeDir,failure
org.apache.hadoop.fs.http.client.TestHttpFSFWithWebhdfsFileSystem.testOperation[5],pass,14.062,org.apache.hadoop.lib.servlet.TestServerWebApp.getHomeDir,failure
org.apache.hadoop.fs.http.client.TestHttpFSFWithWebhdfsFileSystem.testOperationDoAs[5],pass,14.06,org.apache.hadoop.lib.servlet.TestServerWebApp.getHomeDir,failure
org.apache.hadoop.fs.http.client.TestHttpFSFWithWebhdfsFileSystem.testOperation[6],pass,13.352,org.apache.hadoop.lib.servlet.TestServerWebApp.getHomeDir,failure
org.apache.hadoop.fs.http.client.TestHttpFSFWithWebhdfsFileSystem.testOperationDoAs[6],pass,13.329,org.apache.hadoop.lib.servlet.TestServerWebApp.getHomeDir,failure
org.apache.hadoop.fs.http.client.TestHttpFSFWithWebhdfsFileSystem.testOperation[7],pass,13.573,org.apache.hadoop.lib.servlet.TestServerWebApp.getHomeDir,failure
org.apache.hadoop.fs.http.client.TestHttpFSFWithWebhdfsFileSystem.testOperationDoAs[7],pass,13.345,org.apache.hadoop.lib.servlet.TestServerWebApp.getHomeDir,failure
org.apache.hadoop.fs.http.client.TestHttpFSFWithWebhdfsFileSystem.testOperation[8],pass,14.312,org.apache.hadoop.lib.servlet.TestServerWebApp.getHomeDir,failure
org.apache.hadoop.fs.http.client.TestHttpFSFWithWebhdfsFileSystem.testOperationDoAs[8],pass,14.299,org.apache.hadoop.lib.servlet.TestServerWebApp.getHomeDir,failure
org.apache.hadoop.fs.http.client.TestHttpFSFWithWebhdfsFileSystem.testOperation[9],pass,12.904,org.apache.hadoop.lib.servlet.TestServerWebApp.getHomeDir,failure
org.apache.hadoop.fs.http.client.TestHttpFSFWithWebhdfsFileSystem.testOperationDoAs[9],pass,12.845,org.apache.hadoop.lib.servlet.TestServerWebApp.getHomeDir,failure
org.apache.hadoop.fs.http.client.TestHttpFSFWithWebhdfsFileSystem.testOperation[10],pass,13.329,org.apache.hadoop.lib.servlet.TestServerWebApp.getHomeDir,failure
org.apache.hadoop.fs.http.client.TestHttpFSFWithWebhdfsFileSystem.testOperationDoAs[10],pass,12.923,org.apache.hadoop.lib.servlet.TestServerWebApp.getHomeDir,failure
org.apache.hadoop.fs.http.client.TestHttpFSFWithWebhdfsFileSystem.testOperation[11],pass,14.224,org.apache.hadoop.lib.servlet.TestServerWebApp.getHomeDir,failure
org.apache.hadoop.fs.http.client.TestHttpFSFWithWebhdfsFileSystem.testOperationDoAs[11],pass,13.654,org.apache.hadoop.lib.servlet.TestServerWebApp.getHomeDir,failure
org.apache.hadoop.fs.http.client.TestHttpFSFWithWebhdfsFileSystem.testOperation[12],pass,13.137,org.apache.hadoop.lib.servlet.TestServerWebApp.getHomeDir,failure
org.apache.hadoop.fs.http.client.TestHttpFSFWithWebhdfsFileSystem.testOperationDoAs[12],pass,13.287,org.apache.hadoop.lib.servlet.TestServerWebApp.getHomeDir,failure
org.apache.hadoop.fs.http.client.TestHttpFSFWithWebhdfsFileSystem.testOperation[13],pass,13.838,org.apache.hadoop.lib.servlet.TestServerWebApp.getHomeDir,failure
org.apache.hadoop.fs.http.client.TestHttpFSFWithWebhdfsFileSystem.testOperationDoAs[13],pass,13.499,org.apache.hadoop.lib.servlet.TestServerWebApp.getHomeDir,failure
org.apache.hadoop.fs.http.client.TestHttpFSFWithWebhdfsFileSystem.testOperation[14],pass,13.459,org.apache.hadoop.lib.servlet.TestServerWebApp.getHomeDir,failure
org.apache.hadoop.fs.http.client.TestHttpFSFWithWebhdfsFileSystem.testOperationDoAs[14],pass,13.102,org.apache.hadoop.lib.servlet.TestServerWebApp.getHomeDir,failure
org.apache.hadoop.fs.http.client.TestHttpFSFWithWebhdfsFileSystem.testOperation[15],pass,13.624,org.apache.hadoop.lib.servlet.TestServerWebApp.getHomeDir,failure
org.apache.hadoop.fs.http.client.TestHttpFSFWithWebhdfsFileSystem.testOperationDoAs[15],pass,13.582,org.apache.hadoop.lib.servlet.TestServerWebApp.getHomeDir,failure
org.apache.hadoop.fs.http.client.TestHttpFSFWithWebhdfsFileSystem.testOperation[16],pass,13.752,org.apache.hadoop.lib.servlet.TestServerWebApp.getHomeDir,failure
org.apache.hadoop.fs.http.client.TestHttpFSFWithWebhdfsFileSystem.testOperationDoAs[16],pass,14.403,org.apache.hadoop.lib.servlet.TestServerWebApp.getHomeDir,failure
org.apache.hadoop.fs.http.client.TestHttpFSFWithWebhdfsFileSystem.testOperation[17],pass,13.915,org.apache.hadoop.lib.servlet.TestServerWebApp.getHomeDir,failure
org.apache.hadoop.fs.http.client.TestHttpFSFWithWebhdfsFileSystem.testOperationDoAs[17],pass,30.545,org.apache.hadoop.lib.servlet.TestServerWebApp.getHomeDir,failure
org.apache.hadoop.fs.http.client.TestHttpFSFWithWebhdfsFileSystem.testOperation[18],pass,13.814,org.apache.hadoop.lib.servlet.TestServerWebApp.getHomeDir,failure
org.apache.hadoop.fs.http.client.TestHttpFSFWithWebhdfsFileSystem.testOperationDoAs[18],pass,13.796,org.apache.hadoop.lib.servlet.TestServerWebApp.getHomeDir,failure
org.apache.hadoop.fs.http.client.TestHttpFSFWithWebhdfsFileSystem.testOperation[19],pass,14.147,org.apache.hadoop.lib.servlet.TestServerWebApp.getHomeDir,failure
org.apache.hadoop.fs.http.client.TestHttpFSFWithWebhdfsFileSystem.testOperationDoAs[19],pass,14.655,org.apache.hadoop.lib.servlet.TestServerWebApp.getHomeDir,failure
org.apache.hadoop.fs.http.client.TestHttpFSFWithWebhdfsFileSystem.testOperation[20],pass,15.225,org.apache.hadoop.lib.servlet.TestServerWebApp.getHomeDir,failure
org.apache.hadoop.fs.http.client.TestHttpFSFWithWebhdfsFileSystem.testOperationDoAs[20],pass,16.027,org.apache.hadoop.lib.servlet.TestServerWebApp.getHomeDir,failure
org.apache.hadoop.fs.http.client.TestHttpFSFWithWebhdfsFileSystem.testOperation[21],pass,17.99,org.apache.hadoop.lib.servlet.TestServerWebApp.getHomeDir,failure
org.apache.hadoop.fs.http.client.TestHttpFSFWithWebhdfsFileSystem.testOperationDoAs[21],pass,16.696,org.apache.hadoop.lib.servlet.TestServerWebApp.getHomeDir,failure
org.apache.hadoop.fs.http.client.TestHttpFSFWithWebhdfsFileSystem.testOperation[22],pass,13.487,org.apache.hadoop.lib.servlet.TestServerWebApp.getHomeDir,failure
org.apache.hadoop.fs.http.client.TestHttpFSFWithWebhdfsFileSystem.testOperationDoAs[22],pass,13.101,org.apache.hadoop.lib.servlet.TestServerWebApp.getHomeDir,failure
org.apache.hadoop.fs.http.client.TestHttpFSFWithWebhdfsFileSystem.testOperation[23],pass,13.058,org.apache.hadoop.lib.servlet.TestServerWebApp.getHomeDir,failure
org.apache.hadoop.fs.http.client.TestHttpFSFWithWebhdfsFileSystem.testOperationDoAs[23],pass,13.381,org.apache.hadoop.lib.servlet.TestServerWebApp.getHomeDir,failure
org.apache.hadoop.fs.http.client.TestHttpFSFWithWebhdfsFileSystem.testOperation[24],pass,12.821,org.apache.hadoop.lib.servlet.TestServerWebApp.getHomeDir,failure
org.apache.hadoop.fs.http.client.TestHttpFSFWithWebhdfsFileSystem.testOperationDoAs[24],pass,12.785,org.apache.hadoop.lib.servlet.TestServerWebApp.getHomeDir,failure
org.apache.hadoop.fs.http.client.TestHttpFSFWithWebhdfsFileSystem.testOperation[25],pass,13.143,org.apache.hadoop.lib.servlet.TestServerWebApp.getHomeDir,failure
org.apache.hadoop.fs.http.client.TestHttpFSFWithWebhdfsFileSystem.testOperationDoAs[25],pass,13.336,org.apache.hadoop.lib.servlet.TestServerWebApp.getHomeDir,failure
org.apache.hadoop.fs.http.client.TestHttpFSFWithWebhdfsFileSystem.testOperation[26],pass,13.404,org.apache.hadoop.lib.servlet.TestServerWebApp.getHomeDir,failure
org.apache.hadoop.fs.http.client.TestHttpFSFWithWebhdfsFileSystem.testOperationDoAs[26],pass,13.427,org.apache.hadoop.lib.servlet.TestServerWebApp.getHomeDir,failure
org.apache.hadoop.fs.http.client.TestHttpFSFWithWebhdfsFileSystem.testOperation[27],pass,12.924,org.apache.hadoop.lib.servlet.TestServerWebApp.getHomeDir,failure
org.apache.hadoop.fs.http.client.TestHttpFSFWithWebhdfsFileSystem.testOperationDoAs[27],pass,12.831,org.apache.hadoop.lib.servlet.TestServerWebApp.getHomeDir,failure
org.apache.hadoop.fs.http.client.TestHttpFSFWithWebhdfsFileSystem.testOperation[28],pass,12.821,org.apache.hadoop.lib.servlet.TestServerWebApp.getHomeDir,failure
org.apache.hadoop.fs.http.client.TestHttpFSFWithWebhdfsFileSystem.testOperationDoAs[28],pass,12.769,org.apache.hadoop.lib.servlet.TestServerWebApp.getHomeDir,failure
org.apache.hadoop.fs.http.client.TestHttpFSFWithWebhdfsFileSystem.testOperation[29],pass,13.006,org.apache.hadoop.lib.servlet.TestServerWebApp.getHomeDir,failure
org.apache.hadoop.fs.http.client.TestHttpFSFWithWebhdfsFileSystem.testOperationDoAs[29],pass,12.835,org.apache.hadoop.lib.servlet.TestServerWebApp.getHomeDir,failure
org.apache.hadoop.fs.http.client.TestHttpFSFWithWebhdfsFileSystem.testOperation[30],pass,12.926,org.apache.hadoop.lib.servlet.TestServerWebApp.getHomeDir,failure
org.apache.hadoop.fs.http.client.TestHttpFSFWithWebhdfsFileSystem.testOperationDoAs[30],pass,13.014,org.apache.hadoop.lib.servlet.TestServerWebApp.getHomeDir,failure
org.apache.hadoop.fs.http.client.TestHttpFSFWithWebhdfsFileSystem.testOperation[31],pass,12.899,org.apache.hadoop.lib.servlet.TestServerWebApp.getHomeDir,failure
org.apache.hadoop.fs.http.client.TestHttpFSFWithWebhdfsFileSystem.testOperationDoAs[31],pass,13.148,org.apache.hadoop.lib.servlet.TestServerWebApp.getHomeDir,failure
org.apache.hadoop.fs.http.client.TestHttpFSFWithWebhdfsFileSystem.testOperation[32],pass,12.874,org.apache.hadoop.lib.servlet.TestServerWebApp.getHomeDir,failure
org.apache.hadoop.fs.http.client.TestHttpFSFWithWebhdfsFileSystem.testOperationDoAs[32],pass,12.787,org.apache.hadoop.lib.servlet.TestServerWebApp.getHomeDir,failure
org.apache.hadoop.fs.http.client.TestHttpFSFWithWebhdfsFileSystem.testOperation[33],pass,12.801,org.apache.hadoop.lib.servlet.TestServerWebApp.getHomeDir,failure
org.apache.hadoop.fs.http.client.TestHttpFSFWithWebhdfsFileSystem.testOperationDoAs[33],pass,12.902,org.apache.hadoop.lib.servlet.TestServerWebApp.getHomeDir,failure
org.apache.hadoop.fs.http.client.TestHttpFSFWithWebhdfsFileSystem.testOperation[34],pass,12.934,org.apache.hadoop.lib.servlet.TestServerWebApp.getHomeDir,failure
org.apache.hadoop.fs.http.client.TestHttpFSFWithWebhdfsFileSystem.testOperationDoAs[34],pass,12.996,org.apache.hadoop.lib.servlet.TestServerWebApp.getHomeDir,failure
org.apache.hadoop.fs.http.client.TestHttpFSFWithWebhdfsFileSystem.testOperation[35],pass,12.856,org.apache.hadoop.lib.servlet.TestServerWebApp.getHomeDir,failure
org.apache.hadoop.fs.http.client.TestHttpFSFWithWebhdfsFileSystem.testOperationDoAs[35],pass,12.885,org.apache.hadoop.lib.servlet.TestServerWebApp.getHomeDir,failure
org.apache.hadoop.fs.http.client.TestHttpFSFWithWebhdfsFileSystem.testOperation[36],pass,14.193,org.apache.hadoop.lib.servlet.TestServerWebApp.getHomeDir,failure
org.apache.hadoop.fs.http.client.TestHttpFSFWithWebhdfsFileSystem.testOperationDoAs[36],pass,14.223,org.apache.hadoop.lib.servlet.TestServerWebApp.getHomeDir,failure
org.apache.hadoop.fs.http.client.TestHttpFSFWithWebhdfsFileSystem.testOperation[37],pass,13.132,org.apache.hadoop.lib.servlet.TestServerWebApp.getHomeDir,failure
org.apache.hadoop.fs.http.client.TestHttpFSFWithWebhdfsFileSystem.testOperationDoAs[37],pass,13.428,org.apache.hadoop.lib.servlet.TestServerWebApp.getHomeDir,failure
org.apache.hadoop.fs.http.client.TestHttpFSFWithWebhdfsFileSystem.testOperation[38],pass,14.295,org.apache.hadoop.lib.servlet.TestServerWebApp.getHomeDir,failure
org.apache.hadoop.fs.http.client.TestHttpFSFWithWebhdfsFileSystem.testOperationDoAs[38],pass,15.308,org.apache.hadoop.lib.servlet.TestServerWebApp.getHomeDir,failure
org.apache.hadoop.fs.http.client.TestHttpFSFWithWebhdfsFileSystem.testOperation[39],pass,12.824,org.apache.hadoop.lib.servlet.TestServerWebApp.getHomeDir,failure
org.apache.hadoop.fs.http.client.TestHttpFSFWithWebhdfsFileSystem.testOperationDoAs[39],pass,13.017,org.apache.hadoop.lib.servlet.TestServerWebApp.getHomeDir,failure
org.apache.hadoop.fs.http.client.TestHttpFSFWithWebhdfsFileSystem.testOperation[40],pass,13.838,org.apache.hadoop.lib.servlet.TestServerWebApp.getHomeDir,failure
org.apache.hadoop.fs.http.client.TestHttpFSFWithWebhdfsFileSystem.testOperationDoAs[40],pass,12.985,org.apache.hadoop.lib.servlet.TestServerWebApp.getHomeDir,failure
org.apache.hadoop.fs.http.client.TestHttpFSFWithWebhdfsFileSystem.testOperation[41],pass,13.23,org.apache.hadoop.lib.servlet.TestServerWebApp.getHomeDir,failure
org.apache.hadoop.fs.http.client.TestHttpFSFWithWebhdfsFileSystem.testOperationDoAs[41],pass,71.3,org.apache.hadoop.lib.servlet.TestServerWebApp.getHomeDir,failure
org.apache.hadoop.fs.http.client.TestHttpFSFWithWebhdfsFileSystem.testOperation[42],pass,18.719,org.apache.hadoop.lib.servlet.TestServerWebApp.getHomeDir,failure
org.apache.hadoop.fs.http.client.TestHttpFSFWithWebhdfsFileSystem.testOperationDoAs[42],pass,13.114,org.apache.hadoop.lib.servlet.TestServerWebApp.getHomeDir,failure
org.apache.hadoop.fs.http.client.TestHttpFSFWithWebhdfsFileSystem.testOperation[43],pass,14.076,org.apache.hadoop.lib.servlet.TestServerWebApp.getHomeDir,failure
org.apache.hadoop.fs.http.client.TestHttpFSFWithWebhdfsFileSystem.testOperationDoAs[43],pass,13.897,org.apache.hadoop.lib.servlet.TestServerWebApp.getHomeDir,failure
org.apache.hadoop.fs.http.server.TestHttpFSServerNoACLs.testWithNoAcls,pass,9.685,org.apache.hadoop.lib.servlet.TestServerWebApp.getHomeDir,failure
org.apache.hadoop.fs.http.server.TestHttpFSServerNoXAttrs.testWithXAttrs,pass,9.501,org.apache.hadoop.lib.servlet.TestServerWebApp.getHomeDir,failure
org.apache.hadoop.fs.http.client.TestHttpFSFWithSWebhdfsFileSystem.testOperation[0],pass,40.551,org.apache.hadoop.lib.servlet.TestServerWebApp.getHomeDir,failure
org.apache.hadoop.fs.http.client.TestHttpFSFWithSWebhdfsFileSystem.testOperationDoAs[0],pass,31.055,org.apache.hadoop.lib.servlet.TestServerWebApp.getHomeDir,failure
org.apache.hadoop.fs.http.client.TestHttpFSFWithSWebhdfsFileSystem.testOperation[1],pass,14.315,org.apache.hadoop.lib.servlet.TestServerWebApp.getHomeDir,failure
org.apache.hadoop.fs.http.client.TestHttpFSFWithSWebhdfsFileSystem.testOperationDoAs[1],pass,14.215,org.apache.hadoop.lib.servlet.TestServerWebApp.getHomeDir,failure
org.apache.hadoop.fs.http.client.TestHttpFSFWithSWebhdfsFileSystem.testOperation[2],pass,14.373,org.apache.hadoop.lib.servlet.TestServerWebApp.getHomeDir,failure
org.apache.hadoop.fs.http.client.TestHttpFSFWithSWebhdfsFileSystem.testOperationDoAs[2],pass,14.368,org.apache.hadoop.lib.servlet.TestServerWebApp.getHomeDir,failure
org.apache.hadoop.fs.http.client.TestHttpFSFWithSWebhdfsFileSystem.testOperation[3],pass,29.834,org.apache.hadoop.lib.servlet.TestServerWebApp.getHomeDir,failure
org.apache.hadoop.fs.http.client.TestHttpFSFWithSWebhdfsFileSystem.testOperationDoAs[3],pass,15.837,org.apache.hadoop.lib.servlet.TestServerWebApp.getHomeDir,failure
org.apache.hadoop.fs.http.client.TestHttpFSFWithSWebhdfsFileSystem.testOperation[4],pass,13.22,org.apache.hadoop.lib.servlet.TestServerWebApp.getHomeDir,failure
org.apache.hadoop.fs.http.client.TestHttpFSFWithSWebhdfsFileSystem.testOperationDoAs[4],pass,13.194,org.apache.hadoop.lib.servlet.TestServerWebApp.getHomeDir,failure
org.apache.hadoop.fs.http.client.TestHttpFSFWithSWebhdfsFileSystem.testOperation[5],pass,14.309,org.apache.hadoop.lib.servlet.TestServerWebApp.getHomeDir,failure
org.apache.hadoop.fs.http.client.TestHttpFSFWithSWebhdfsFileSystem.testOperationDoAs[5],pass,14.385,org.apache.hadoop.lib.servlet.TestServerWebApp.getHomeDir,failure
org.apache.hadoop.fs.http.client.TestHttpFSFWithSWebhdfsFileSystem.testOperation[6],pass,13.456,org.apache.hadoop.lib.servlet.TestServerWebApp.getHomeDir,failure
org.apache.hadoop.fs.http.client.TestHttpFSFWithSWebhdfsFileSystem.testOperationDoAs[6],pass,13.337,org.apache.hadoop.lib.servlet.TestServerWebApp.getHomeDir,failure
org.apache.hadoop.fs.http.client.TestHttpFSFWithSWebhdfsFileSystem.testOperation[7],pass,13.369,org.apache.hadoop.lib.servlet.TestServerWebApp.getHomeDir,failure
org.apache.hadoop.fs.http.client.TestHttpFSFWithSWebhdfsFileSystem.testOperationDoAs[7],pass,13.397,org.apache.hadoop.lib.servlet.TestServerWebApp.getHomeDir,failure
org.apache.hadoop.fs.http.client.TestHttpFSFWithSWebhdfsFileSystem.testOperation[8],pass,25.056,org.apache.hadoop.lib.servlet.TestServerWebApp.getHomeDir,failure
org.apache.hadoop.fs.http.client.TestHttpFSFWithSWebhdfsFileSystem.testOperationDoAs[8],pass,14.622,org.apache.hadoop.lib.servlet.TestServerWebApp.getHomeDir,failure
org.apache.hadoop.fs.http.client.TestHttpFSFWithSWebhdfsFileSystem.testOperation[9],pass,12.767,org.apache.hadoop.lib.servlet.TestServerWebApp.getHomeDir,failure
org.apache.hadoop.fs.http.client.TestHttpFSFWithSWebhdfsFileSystem.testOperationDoAs[9],pass,12.983,org.apache.hadoop.lib.servlet.TestServerWebApp.getHomeDir,failure
org.apache.hadoop.fs.http.client.TestHttpFSFWithSWebhdfsFileSystem.testOperation[10],pass,13.586,org.apache.hadoop.lib.servlet.TestServerWebApp.getHomeDir,failure
org.apache.hadoop.fs.http.client.TestHttpFSFWithSWebhdfsFileSystem.testOperationDoAs[10],pass,13.383,org.apache.hadoop.lib.servlet.TestServerWebApp.getHomeDir,failure
org.apache.hadoop.fs.http.client.TestHttpFSFWithSWebhdfsFileSystem.testOperation[11],pass,13.819,org.apache.hadoop.lib.servlet.TestServerWebApp.getHomeDir,failure
org.apache.hadoop.fs.http.client.TestHttpFSFWithSWebhdfsFileSystem.testOperationDoAs[11],pass,13.654,org.apache.hadoop.lib.servlet.TestServerWebApp.getHomeDir,failure
org.apache.hadoop.fs.http.client.TestHttpFSFWithSWebhdfsFileSystem.testOperation[12],pass,13.526,org.apache.hadoop.lib.servlet.TestServerWebApp.getHomeDir,failure
org.apache.hadoop.fs.http.client.TestHttpFSFWithSWebhdfsFileSystem.testOperationDoAs[12],pass,13.345,org.apache.hadoop.lib.servlet.TestServerWebApp.getHomeDir,failure
org.apache.hadoop.fs.http.client.TestHttpFSFWithSWebhdfsFileSystem.testOperation[13],pass,13.913,org.apache.hadoop.lib.servlet.TestServerWebApp.getHomeDir,failure
org.apache.hadoop.fs.http.client.TestHttpFSFWithSWebhdfsFileSystem.testOperationDoAs[13],pass,13.846,org.apache.hadoop.lib.servlet.TestServerWebApp.getHomeDir,failure
org.apache.hadoop.fs.http.client.TestHttpFSFWithSWebhdfsFileSystem.testOperation[14],pass,15.207,org.apache.hadoop.lib.servlet.TestServerWebApp.getHomeDir,failure
org.apache.hadoop.fs.http.client.TestHttpFSFWithSWebhdfsFileSystem.testOperationDoAs[14],pass,27.619,org.apache.hadoop.lib.servlet.TestServerWebApp.getHomeDir,failure
org.apache.hadoop.fs.http.client.TestHttpFSFWithSWebhdfsFileSystem.testOperation[15],pass,14.647,org.apache.hadoop.lib.servlet.TestServerWebApp.getHomeDir,failure
org.apache.hadoop.fs.http.client.TestHttpFSFWithSWebhdfsFileSystem.testOperationDoAs[15],pass,14.668,org.apache.hadoop.lib.servlet.TestServerWebApp.getHomeDir,failure
org.apache.hadoop.fs.http.client.TestHttpFSFWithSWebhdfsFileSystem.testOperation[16],pass,14.634,org.apache.hadoop.lib.servlet.TestServerWebApp.getHomeDir,failure
org.apache.hadoop.fs.http.client.TestHttpFSFWithSWebhdfsFileSystem.testOperationDoAs[16],pass,29.303,org.apache.hadoop.lib.servlet.TestServerWebApp.getHomeDir,failure
org.apache.hadoop.fs.http.client.TestHttpFSFWithSWebhdfsFileSystem.testOperation[17],pass,14.147,org.apache.hadoop.lib.servlet.TestServerWebApp.getHomeDir,failure
org.apache.hadoop.fs.http.client.TestHttpFSFWithSWebhdfsFileSystem.testOperationDoAs[17],pass,14.131,org.apache.hadoop.lib.servlet.TestServerWebApp.getHomeDir,failure
org.apache.hadoop.fs.http.client.TestHttpFSFWithSWebhdfsFileSystem.testOperation[18],pass,14.626,org.apache.hadoop.lib.servlet.TestServerWebApp.getHomeDir,failure
org.apache.hadoop.fs.http.client.TestHttpFSFWithSWebhdfsFileSystem.testOperationDoAs[18],pass,14.386,org.apache.hadoop.lib.servlet.TestServerWebApp.getHomeDir,failure
org.apache.hadoop.fs.http.client.TestHttpFSFWithSWebhdfsFileSystem.testOperation[19],pass,13.547,org.apache.hadoop.lib.servlet.TestServerWebApp.getHomeDir,failure
org.apache.hadoop.fs.http.client.TestHttpFSFWithSWebhdfsFileSystem.testOperationDoAs[19],pass,13.553,org.apache.hadoop.lib.servlet.TestServerWebApp.getHomeDir,failure
org.apache.hadoop.fs.http.client.TestHttpFSFWithSWebhdfsFileSystem.testOperation[20],pass,14.37,org.apache.hadoop.lib.servlet.TestServerWebApp.getHomeDir,failure
org.apache.hadoop.fs.http.client.TestHttpFSFWithSWebhdfsFileSystem.testOperationDoAs[20],pass,14.325,org.apache.hadoop.lib.servlet.TestServerWebApp.getHomeDir,failure
org.apache.hadoop.fs.http.client.TestHttpFSFWithSWebhdfsFileSystem.testOperation[21],pass,14.741,org.apache.hadoop.lib.servlet.TestServerWebApp.getHomeDir,failure
org.apache.hadoop.fs.http.client.TestHttpFSFWithSWebhdfsFileSystem.testOperationDoAs[21],pass,14.353,org.apache.hadoop.lib.servlet.TestServerWebApp.getHomeDir,failure
org.apache.hadoop.fs.http.client.TestHttpFSFWithSWebhdfsFileSystem.testOperation[22],pass,27.842,org.apache.hadoop.lib.servlet.TestServerWebApp.getHomeDir,failure
org.apache.hadoop.fs.http.client.TestHttpFSFWithSWebhdfsFileSystem.testOperationDoAs[22],pass,14.7,org.apache.hadoop.lib.servlet.TestServerWebApp.getHomeDir,failure
org.apache.hadoop.fs.http.client.TestHttpFSFWithSWebhdfsFileSystem.testOperation[23],pass,14.669,org.apache.hadoop.lib.servlet.TestServerWebApp.getHomeDir,failure
org.apache.hadoop.fs.http.client.TestHttpFSFWithSWebhdfsFileSystem.testOperationDoAs[23],pass,14.651,org.apache.hadoop.lib.servlet.TestServerWebApp.getHomeDir,failure
org.apache.hadoop.fs.http.client.TestHttpFSFWithSWebhdfsFileSystem.testOperation[24],pass,13.929,org.apache.hadoop.lib.servlet.TestServerWebApp.getHomeDir,failure
org.apache.hadoop.fs.http.client.TestHttpFSFWithSWebhdfsFileSystem.testOperationDoAs[24],pass,21.727,org.apache.hadoop.lib.servlet.TestServerWebApp.getHomeDir,failure
org.apache.hadoop.fs.http.client.TestHttpFSFWithSWebhdfsFileSystem.testOperation[25],pass,18.451,org.apache.hadoop.lib.servlet.TestServerWebApp.getHomeDir,failure
org.apache.hadoop.fs.http.client.TestHttpFSFWithSWebhdfsFileSystem.testOperationDoAs[25],pass,16.717,org.apache.hadoop.lib.servlet.TestServerWebApp.getHomeDir,failure
org.apache.hadoop.fs.http.client.TestHttpFSFWithSWebhdfsFileSystem.testOperation[26],pass,17.069,org.apache.hadoop.lib.servlet.TestServerWebApp.getHomeDir,failure
org.apache.hadoop.fs.http.client.TestHttpFSFWithSWebhdfsFileSystem.testOperationDoAs[26],pass,29.517,org.apache.hadoop.lib.servlet.TestServerWebApp.getHomeDir,failure
org.apache.hadoop.fs.http.client.TestHttpFSFWithSWebhdfsFileSystem.testOperation[27],pass,17.081,org.apache.hadoop.lib.servlet.TestServerWebApp.getHomeDir,failure
org.apache.hadoop.fs.http.client.TestHttpFSFWithSWebhdfsFileSystem.testOperationDoAs[27],pass,16.22,org.apache.hadoop.lib.servlet.TestServerWebApp.getHomeDir,failure
org.apache.hadoop.fs.http.client.TestHttpFSFWithSWebhdfsFileSystem.testOperation[28],pass,28.994,org.apache.hadoop.lib.servlet.TestServerWebApp.getHomeDir,failure
org.apache.hadoop.fs.http.client.TestHttpFSFWithSWebhdfsFileSystem.testOperationDoAs[28],pass,14.044,org.apache.hadoop.lib.servlet.TestServerWebApp.getHomeDir,failure
org.apache.hadoop.fs.http.client.TestHttpFSFWithSWebhdfsFileSystem.testOperation[29],pass,14.209,org.apache.hadoop.lib.servlet.TestServerWebApp.getHomeDir,failure
org.apache.hadoop.fs.http.client.TestHttpFSFWithSWebhdfsFileSystem.testOperationDoAs[29],pass,15.677,org.apache.hadoop.lib.servlet.TestServerWebApp.getHomeDir,failure
org.apache.hadoop.fs.http.client.TestHttpFSFWithSWebhdfsFileSystem.testOperation[30],pass,15.764,org.apache.hadoop.lib.servlet.TestServerWebApp.getHomeDir,failure
org.apache.hadoop.fs.http.client.TestHttpFSFWithSWebhdfsFileSystem.testOperationDoAs[30],pass,16.606,org.apache.hadoop.lib.servlet.TestServerWebApp.getHomeDir,failure
org.apache.hadoop.fs.http.client.TestHttpFSFWithSWebhdfsFileSystem.testOperation[31],pass,14.88,org.apache.hadoop.lib.servlet.TestServerWebApp.getHomeDir,failure
org.apache.hadoop.fs.http.client.TestHttpFSFWithSWebhdfsFileSystem.testOperationDoAs[31],pass,28.537,org.apache.hadoop.lib.servlet.TestServerWebApp.getHomeDir,failure
org.apache.hadoop.fs.http.client.TestHttpFSFWithSWebhdfsFileSystem.testOperation[32],pass,15.53,org.apache.hadoop.lib.servlet.TestServerWebApp.getHomeDir,failure
org.apache.hadoop.fs.http.client.TestHttpFSFWithSWebhdfsFileSystem.testOperationDoAs[32],pass,24.931,org.apache.hadoop.lib.servlet.TestServerWebApp.getHomeDir,failure
org.apache.hadoop.fs.http.client.TestHttpFSFWithSWebhdfsFileSystem.testOperation[33],pass,14.16,org.apache.hadoop.lib.servlet.TestServerWebApp.getHomeDir,failure
org.apache.hadoop.fs.http.client.TestHttpFSFWithSWebhdfsFileSystem.testOperationDoAs[33],pass,24.745,org.apache.hadoop.lib.servlet.TestServerWebApp.getHomeDir,failure
org.apache.hadoop.fs.http.client.TestHttpFSFWithSWebhdfsFileSystem.testOperation[34],pass,14.067,org.apache.hadoop.lib.servlet.TestServerWebApp.getHomeDir,failure
org.apache.hadoop.fs.http.client.TestHttpFSFWithSWebhdfsFileSystem.testOperationDoAs[34],pass,28.551,org.apache.hadoop.lib.servlet.TestServerWebApp.getHomeDir,failure
org.apache.hadoop.fs.http.client.TestHttpFSFWithSWebhdfsFileSystem.testOperation[35],pass,14.197,org.apache.hadoop.lib.servlet.TestServerWebApp.getHomeDir,failure
org.apache.hadoop.fs.http.client.TestHttpFSFWithSWebhdfsFileSystem.testOperationDoAs[35],pass,14.7,org.apache.hadoop.lib.servlet.TestServerWebApp.getHomeDir,failure
org.apache.hadoop.fs.http.client.TestHttpFSFWithSWebhdfsFileSystem.testOperation[36],pass,29.163,org.apache.hadoop.lib.servlet.TestServerWebApp.getHomeDir,failure
org.apache.hadoop.fs.http.client.TestHttpFSFWithSWebhdfsFileSystem.testOperationDoAs[36],pass,18.435,org.apache.hadoop.lib.servlet.TestServerWebApp.getHomeDir,failure
org.apache.hadoop.fs.http.client.TestHttpFSFWithSWebhdfsFileSystem.testOperation[37],pass,14.371,org.apache.hadoop.lib.servlet.TestServerWebApp.getHomeDir,failure
org.apache.hadoop.fs.http.client.TestHttpFSFWithSWebhdfsFileSystem.testOperationDoAs[37],pass,25.862,org.apache.hadoop.lib.servlet.TestServerWebApp.getHomeDir,failure
org.apache.hadoop.fs.http.client.TestHttpFSFWithSWebhdfsFileSystem.testOperation[38],pass,17.325,org.apache.hadoop.lib.servlet.TestServerWebApp.getHomeDir,failure
org.apache.hadoop.fs.http.client.TestHttpFSFWithSWebhdfsFileSystem.testOperationDoAs[38],pass,26.505,org.apache.hadoop.lib.servlet.TestServerWebApp.getHomeDir,failure
org.apache.hadoop.fs.http.client.TestHttpFSFWithSWebhdfsFileSystem.testOperation[39],pass,14.026,org.apache.hadoop.lib.servlet.TestServerWebApp.getHomeDir,failure
org.apache.hadoop.fs.http.client.TestHttpFSFWithSWebhdfsFileSystem.testOperationDoAs[39],pass,13.958,org.apache.hadoop.lib.servlet.TestServerWebApp.getHomeDir,failure
org.apache.hadoop.fs.http.client.TestHttpFSFWithSWebhdfsFileSystem.testOperation[40],pass,14.017,org.apache.hadoop.lib.servlet.TestServerWebApp.getHomeDir,failure
org.apache.hadoop.fs.http.client.TestHttpFSFWithSWebhdfsFileSystem.testOperationDoAs[40],pass,28.005,org.apache.hadoop.lib.servlet.TestServerWebApp.getHomeDir,failure
org.apache.hadoop.fs.http.client.TestHttpFSFWithSWebhdfsFileSystem.testOperation[41],pass,14.142,org.apache.hadoop.lib.servlet.TestServerWebApp.getHomeDir,failure
org.apache.hadoop.fs.http.client.TestHttpFSFWithSWebhdfsFileSystem.testOperationDoAs[41],pass,14.068,org.apache.hadoop.lib.servlet.TestServerWebApp.getHomeDir,failure
org.apache.hadoop.fs.http.client.TestHttpFSFWithSWebhdfsFileSystem.testOperation[42],pass,14.259,org.apache.hadoop.lib.servlet.TestServerWebApp.getHomeDir,failure
org.apache.hadoop.fs.http.client.TestHttpFSFWithSWebhdfsFileSystem.testOperationDoAs[42],pass,27.162,org.apache.hadoop.lib.servlet.TestServerWebApp.getHomeDir,failure
org.apache.hadoop.fs.http.client.TestHttpFSFWithSWebhdfsFileSystem.testOperation[43],pass,17.255,org.apache.hadoop.lib.servlet.TestServerWebApp.getHomeDir,failure
org.apache.hadoop.fs.http.client.TestHttpFSFWithSWebhdfsFileSystem.testOperationDoAs[43],pass,16.879,org.apache.hadoop.lib.servlet.TestServerWebApp.getHomeDir,failure
org.apache.hadoop.fs.http.server.TestHttpFSServer.testGetTrashRoot,pass,14.255,org.apache.hadoop.lib.servlet.TestServerWebApp.getHomeDir,failure
org.apache.hadoop.fs.http.server.TestHttpFSServer.testDisallowSnapshot,pass,13.4,org.apache.hadoop.lib.servlet.TestServerWebApp.getHomeDir,failure
org.apache.hadoop.fs.http.server.TestHttpFSServer.testECPolicy,pass,14.143,org.apache.hadoop.lib.servlet.TestServerWebApp.getHomeDir,failure
org.apache.hadoop.fs.http.server.TestHttpFSServer.testOpenOffsetLength,pass,13.93,org.apache.hadoop.lib.servlet.TestServerWebApp.getHomeDir,failure
org.apache.hadoop.fs.http.server.TestHttpFSServer.testGetServerDefaults,pass,13.312,org.apache.hadoop.lib.servlet.TestServerWebApp.getHomeDir,failure
org.apache.hadoop.fs.http.server.TestHttpFSServer.testHdfsAccess,pass,13.425,org.apache.hadoop.lib.servlet.TestServerWebApp.getHomeDir,failure
org.apache.hadoop.fs.http.server.TestHttpFSServer.testCustomizedUserAndGroupNames,pass,14.032,org.apache.hadoop.lib.servlet.TestServerWebApp.getHomeDir,failure
org.apache.hadoop.fs.http.server.TestHttpFSServer.testRenameSnapshot,pass,13.62,org.apache.hadoop.lib.servlet.TestServerWebApp.getHomeDir,failure
org.apache.hadoop.fs.http.server.TestHttpFSServer.testPerms,pass,13.691,org.apache.hadoop.lib.servlet.TestServerWebApp.getHomeDir,failure
org.apache.hadoop.fs.http.server.TestHttpFSServer.testGetSnapshottableDirectoryList,pass,25.558,org.apache.hadoop.lib.servlet.TestServerWebApp.getHomeDir,failure
org.apache.hadoop.fs.http.server.TestHttpFSServer.testContentType,pass,13.605,org.apache.hadoop.lib.servlet.TestServerWebApp.getHomeDir,failure
org.apache.hadoop.fs.http.server.TestHttpFSServer.testAllowSnapshot,pass,13.302,org.apache.hadoop.lib.servlet.TestServerWebApp.getHomeDir,failure
org.apache.hadoop.fs.http.server.TestHttpFSServer.testMkdirWithUnmaskedPermissions,pass,13.535,org.apache.hadoop.lib.servlet.TestServerWebApp.getHomeDir,failure
org.apache.hadoop.fs.http.server.TestHttpFSServer.testNoRedirect,pass,14.062,org.apache.hadoop.lib.servlet.TestServerWebApp.getHomeDir,failure
org.apache.hadoop.fs.http.server.TestHttpFSServer.testDisallowSnapshotException,pass,13.564,org.apache.hadoop.lib.servlet.TestServerWebApp.getHomeDir,failure
org.apache.hadoop.fs.http.server.TestHttpFSServer.testCreateSnapshot,pass,13.42,org.apache.hadoop.lib.servlet.TestServerWebApp.getHomeDir,failure
org.apache.hadoop.fs.http.server.TestHttpFSServer.testFileAcls,pass,13.697,org.apache.hadoop.lib.servlet.TestServerWebApp.getHomeDir,failure
org.apache.hadoop.fs.http.server.TestHttpFSServer.testStoragePolicySatisfier,pass,13.395,org.apache.hadoop.lib.servlet.TestServerWebApp.getHomeDir,failure
org.apache.hadoop.fs.http.server.TestHttpFSServer.testGetSnapshotDiff,pass,22.541,org.apache.hadoop.lib.servlet.TestServerWebApp.getHomeDir,failure
org.apache.hadoop.fs.http.server.TestHttpFSServer.testGetSnapshotList,pass,13.559,org.apache.hadoop.lib.servlet.TestServerWebApp.getHomeDir,failure
org.apache.hadoop.fs.http.server.TestHttpFSServer.instrumentation,pass,13.306,org.apache.hadoop.lib.servlet.TestServerWebApp.getHomeDir,failure
org.apache.hadoop.fs.http.server.TestHttpFSServer.testPutNoOperation,pass,14.058,org.apache.hadoop.lib.servlet.TestServerWebApp.getHomeDir,failure
org.apache.hadoop.fs.http.server.TestHttpFSServer.testErasureCodingPolicy,pass,13.265,org.apache.hadoop.lib.servlet.TestServerWebApp.getHomeDir,failure
org.apache.hadoop.fs.http.server.TestHttpFSServer.testCreateSnapshotNoSnapshotName,pass,14.032,org.apache.hadoop.lib.servlet.TestServerWebApp.getHomeDir,failure
org.apache.hadoop.fs.http.server.TestHttpFSServer.testAccess,pass,13.321,org.apache.hadoop.lib.servlet.TestServerWebApp.getHomeDir,failure
org.apache.hadoop.fs.http.server.TestHttpFSServer.testDeleteSnapshot,pass,13.607,org.apache.hadoop.lib.servlet.TestServerWebApp.getHomeDir,failure
org.apache.hadoop.fs.http.server.TestHttpFSServer.testDirAcls,pass,23.523,org.apache.hadoop.lib.servlet.TestServerWebApp.getHomeDir,failure
org.apache.hadoop.fs.http.server.TestHttpFSServer.testGetSnapshotDiffIllegalParam,pass,13.506,org.apache.hadoop.lib.servlet.TestServerWebApp.getHomeDir,failure
org.apache.hadoop.fs.http.server.TestHttpFSServer.testMkdirs,pass,13.4,org.apache.hadoop.lib.servlet.TestServerWebApp.getHomeDir,failure
org.apache.hadoop.fs.http.server.TestHttpFSServer.testDelegationTokenOperations,pass,13.648,org.apache.hadoop.lib.servlet.TestServerWebApp.getHomeDir,failure
org.apache.hadoop.fs.http.server.TestHttpFSServer.testDelegationTokenOperationsSsl,pass,26.28,org.apache.hadoop.lib.servlet.TestServerWebApp.getHomeDir,failure
org.apache.hadoop.fs.http.server.TestHttpFSServer.testCreateFileWithUnmaskedPermissions,pass,18.862,org.apache.hadoop.lib.servlet.TestServerWebApp.getHomeDir,failure
org.apache.hadoop.fs.http.server.TestHttpFSServer.testNoRedirectWithData,pass,16.706,org.apache.hadoop.lib.servlet.TestServerWebApp.getHomeDir,failure
org.apache.hadoop.fs.http.server.TestHttpFSServer.testXAttrs,pass,16.204,org.apache.hadoop.lib.servlet.TestServerWebApp.getHomeDir,failure
org.apache.hadoop.fs.http.server.TestHttpFSServer.testGlobFilter,pass,13.791,org.apache.hadoop.lib.servlet.TestServerWebApp.getHomeDir,failure
org.apache.hadoop.fs.http.client.TestHttpFSFileSystemLocalFileSystem.testOperation[0],pass,14.028,org.apache.hadoop.lib.servlet.TestServerWebApp.getHomeDir,failure
org.apache.hadoop.fs.http.client.TestHttpFSFileSystemLocalFileSystem.testOperationDoAs[0],pass,14.053,org.apache.hadoop.lib.servlet.TestServerWebApp.getHomeDir,failure
org.apache.hadoop.fs.http.client.TestHttpFSFileSystemLocalFileSystem.testOperation[1],pass,13.909,org.apache.hadoop.lib.servlet.TestServerWebApp.getHomeDir,failure
org.apache.hadoop.fs.http.client.TestHttpFSFileSystemLocalFileSystem.testOperationDoAs[1],pass,13.633,org.apache.hadoop.lib.servlet.TestServerWebApp.getHomeDir,failure
org.apache.hadoop.fs.http.client.TestHttpFSFileSystemLocalFileSystem.testOperation[2],pass,14.023,org.apache.hadoop.lib.servlet.TestServerWebApp.getHomeDir,failure
org.apache.hadoop.fs.http.client.TestHttpFSFileSystemLocalFileSystem.testOperationDoAs[2],pass,13.789,org.apache.hadoop.lib.servlet.TestServerWebApp.getHomeDir,failure
org.apache.hadoop.fs.http.client.TestHttpFSFileSystemLocalFileSystem.testOperation[3],pass,12.929,org.apache.hadoop.lib.servlet.TestServerWebApp.getHomeDir,failure
org.apache.hadoop.fs.http.client.TestHttpFSFileSystemLocalFileSystem.testOperationDoAs[3],pass,13.094,org.apache.hadoop.lib.servlet.TestServerWebApp.getHomeDir,failure
org.apache.hadoop.fs.http.client.TestHttpFSFileSystemLocalFileSystem.testOperation[4],pass,12.972,org.apache.hadoop.lib.servlet.TestServerWebApp.getHomeDir,failure
org.apache.hadoop.fs.http.client.TestHttpFSFileSystemLocalFileSystem.testOperationDoAs[4],pass,12.936,org.apache.hadoop.lib.servlet.TestServerWebApp.getHomeDir,failure
org.apache.hadoop.fs.http.client.TestHttpFSFileSystemLocalFileSystem.testOperation[5],pass,13.01,org.apache.hadoop.lib.servlet.TestServerWebApp.getHomeDir,failure
org.apache.hadoop.fs.http.client.TestHttpFSFileSystemLocalFileSystem.testOperationDoAs[5],pass,12.999,org.apache.hadoop.lib.servlet.TestServerWebApp.getHomeDir,failure
org.apache.hadoop.fs.http.client.TestHttpFSFileSystemLocalFileSystem.testOperation[6],pass,13.908,org.apache.hadoop.lib.servlet.TestServerWebApp.getHomeDir,failure
org.apache.hadoop.fs.http.client.TestHttpFSFileSystemLocalFileSystem.testOperationDoAs[6],pass,13.847,org.apache.hadoop.lib.servlet.TestServerWebApp.getHomeDir,failure
org.apache.hadoop.fs.http.client.TestHttpFSFileSystemLocalFileSystem.testOperation[7],pass,13.566,org.apache.hadoop.lib.servlet.TestServerWebApp.getHomeDir,failure
org.apache.hadoop.fs.http.client.TestHttpFSFileSystemLocalFileSystem.testOperationDoAs[7],pass,13.729,org.apache.hadoop.lib.servlet.TestServerWebApp.getHomeDir,failure
org.apache.hadoop.fs.http.client.TestHttpFSFileSystemLocalFileSystem.testOperation[8],pass,13.771,org.apache.hadoop.lib.servlet.TestServerWebApp.getHomeDir,failure
org.apache.hadoop.fs.http.client.TestHttpFSFileSystemLocalFileSystem.testOperationDoAs[8],pass,13.719,org.apache.hadoop.lib.servlet.TestServerWebApp.getHomeDir,failure
org.apache.hadoop.fs.http.client.TestHttpFSFileSystemLocalFileSystem.testOperation[9],pass,12.949,org.apache.hadoop.lib.servlet.TestServerWebApp.getHomeDir,failure
org.apache.hadoop.fs.http.client.TestHttpFSFileSystemLocalFileSystem.testOperationDoAs[9],pass,13.071,org.apache.hadoop.lib.servlet.TestServerWebApp.getHomeDir,failure
org.apache.hadoop.fs.http.client.TestHttpFSFileSystemLocalFileSystem.testOperation[10],pass,13.527,org.apache.hadoop.lib.servlet.TestServerWebApp.getHomeDir,failure
org.apache.hadoop.fs.http.client.TestHttpFSFileSystemLocalFileSystem.testOperationDoAs[10],pass,13.788,org.apache.hadoop.lib.servlet.TestServerWebApp.getHomeDir,failure
org.apache.hadoop.fs.http.client.TestHttpFSFileSystemLocalFileSystem.testOperation[11],pass,13.12,org.apache.hadoop.lib.servlet.TestServerWebApp.getHomeDir,failure
org.apache.hadoop.fs.http.client.TestHttpFSFileSystemLocalFileSystem.testOperationDoAs[11],pass,12.931,org.apache.hadoop.lib.servlet.TestServerWebApp.getHomeDir,failure
org.apache.hadoop.fs.http.client.TestHttpFSFileSystemLocalFileSystem.testOperation[12],pass,13.924,org.apache.hadoop.lib.servlet.TestServerWebApp.getHomeDir,failure
org.apache.hadoop.fs.http.client.TestHttpFSFileSystemLocalFileSystem.testOperationDoAs[12],pass,13.886,org.apache.hadoop.lib.servlet.TestServerWebApp.getHomeDir,failure
org.apache.hadoop.fs.http.client.TestHttpFSFileSystemLocalFileSystem.testOperation[13],pass,12.996,org.apache.hadoop.lib.servlet.TestServerWebApp.getHomeDir,failure
org.apache.hadoop.fs.http.client.TestHttpFSFileSystemLocalFileSystem.testOperationDoAs[13],pass,13.033,org.apache.hadoop.lib.servlet.TestServerWebApp.getHomeDir,failure
org.apache.hadoop.fs.http.client.TestHttpFSFileSystemLocalFileSystem.testOperation[14],pass,13.748,org.apache.hadoop.lib.servlet.TestServerWebApp.getHomeDir,failure
org.apache.hadoop.fs.http.client.TestHttpFSFileSystemLocalFileSystem.testOperationDoAs[14],pass,13.695,org.apache.hadoop.lib.servlet.TestServerWebApp.getHomeDir,failure
org.apache.hadoop.fs.http.client.TestHttpFSFileSystemLocalFileSystem.testOperation[15],pass,13.052,org.apache.hadoop.lib.servlet.TestServerWebApp.getHomeDir,failure
org.apache.hadoop.fs.http.client.TestHttpFSFileSystemLocalFileSystem.testOperationDoAs[15],pass,12.911,org.apache.hadoop.lib.servlet.TestServerWebApp.getHomeDir,failure
org.apache.hadoop.fs.http.client.TestHttpFSFileSystemLocalFileSystem.testOperation[16],pass,13.632,org.apache.hadoop.lib.servlet.TestServerWebApp.getHomeDir,failure
org.apache.hadoop.fs.http.client.TestHttpFSFileSystemLocalFileSystem.testOperationDoAs[16],pass,13.485,org.apache.hadoop.lib.servlet.TestServerWebApp.getHomeDir,failure
org.apache.hadoop.fs.http.client.TestHttpFSFileSystemLocalFileSystem.testOperation[17],pass,12.857,org.apache.hadoop.lib.servlet.TestServerWebApp.getHomeDir,failure
org.apache.hadoop.fs.http.client.TestHttpFSFileSystemLocalFileSystem.testOperationDoAs[17],pass,12.895,org.apache.hadoop.lib.servlet.TestServerWebApp.getHomeDir,failure
org.apache.hadoop.fs.http.client.TestHttpFSFileSystemLocalFileSystem.testOperation[18],pass,12.986,org.apache.hadoop.lib.servlet.TestServerWebApp.getHomeDir,failure
org.apache.hadoop.fs.http.client.TestHttpFSFileSystemLocalFileSystem.testOperationDoAs[18],pass,13.091,org.apache.hadoop.lib.servlet.TestServerWebApp.getHomeDir,failure
org.apache.hadoop.fs.http.client.TestHttpFSFileSystemLocalFileSystem.testOperation[19],pass,12.943,org.apache.hadoop.lib.servlet.TestServerWebApp.getHomeDir,failure
org.apache.hadoop.fs.http.client.TestHttpFSFileSystemLocalFileSystem.testOperationDoAs[19],pass,13.014,org.apache.hadoop.lib.servlet.TestServerWebApp.getHomeDir,failure
org.apache.hadoop.fs.http.client.TestHttpFSFileSystemLocalFileSystem.testOperation[20],pass,12.959,org.apache.hadoop.lib.servlet.TestServerWebApp.getHomeDir,failure
org.apache.hadoop.fs.http.client.TestHttpFSFileSystemLocalFileSystem.testOperationDoAs[20],pass,12.884,org.apache.hadoop.lib.servlet.TestServerWebApp.getHomeDir,failure
org.apache.hadoop.fs.http.client.TestHttpFSFileSystemLocalFileSystem.testOperation[21],pass,12.993,org.apache.hadoop.lib.servlet.TestServerWebApp.getHomeDir,failure
org.apache.hadoop.fs.http.client.TestHttpFSFileSystemLocalFileSystem.testOperationDoAs[21],pass,12.836,org.apache.hadoop.lib.servlet.TestServerWebApp.getHomeDir,failure
org.apache.hadoop.fs.http.client.TestHttpFSFileSystemLocalFileSystem.testOperation[22],pass,12.941,org.apache.hadoop.lib.servlet.TestServerWebApp.getHomeDir,failure
org.apache.hadoop.fs.http.client.TestHttpFSFileSystemLocalFileSystem.testOperationDoAs[22],pass,12.991,org.apache.hadoop.lib.servlet.TestServerWebApp.getHomeDir,failure
org.apache.hadoop.fs.http.client.TestHttpFSFileSystemLocalFileSystem.testOperation[23],pass,13.165,org.apache.hadoop.lib.servlet.TestServerWebApp.getHomeDir,failure
org.apache.hadoop.fs.http.client.TestHttpFSFileSystemLocalFileSystem.testOperationDoAs[23],pass,12.885,org.apache.hadoop.lib.servlet.TestServerWebApp.getHomeDir,failure
org.apache.hadoop.fs.http.client.TestHttpFSFileSystemLocalFileSystem.testOperation[24],pass,13.052,org.apache.hadoop.lib.servlet.TestServerWebApp.getHomeDir,failure
org.apache.hadoop.fs.http.client.TestHttpFSFileSystemLocalFileSystem.testOperationDoAs[24],pass,12.989,org.apache.hadoop.lib.servlet.TestServerWebApp.getHomeDir,failure
org.apache.hadoop.fs.http.client.TestHttpFSFileSystemLocalFileSystem.testOperation[25],pass,0,org.apache.hadoop.lib.servlet.TestServerWebApp.getHomeDir,failure
org.apache.hadoop.fs.http.client.TestHttpFSFileSystemLocalFileSystem.testOperationDoAs[25],pass,0,org.apache.hadoop.lib.servlet.TestServerWebApp.getHomeDir,failure
org.apache.hadoop.fs.http.client.TestHttpFSFileSystemLocalFileSystem.testOperation[26],pass,12.786,org.apache.hadoop.lib.servlet.TestServerWebApp.getHomeDir,failure
org.apache.hadoop.fs.http.client.TestHttpFSFileSystemLocalFileSystem.testOperationDoAs[26],pass,12.963,org.apache.hadoop.lib.servlet.TestServerWebApp.getHomeDir,failure
org.apache.hadoop.fs.http.client.TestHttpFSFileSystemLocalFileSystem.testOperation[27],pass,0,org.apache.hadoop.lib.servlet.TestServerWebApp.getHomeDir,failure
org.apache.hadoop.fs.http.client.TestHttpFSFileSystemLocalFileSystem.testOperationDoAs[27],pass,0,org.apache.hadoop.lib.servlet.TestServerWebApp.getHomeDir,failure
org.apache.hadoop.fs.http.client.TestHttpFSFileSystemLocalFileSystem.testOperation[28],pass,0,org.apache.hadoop.lib.servlet.TestServerWebApp.getHomeDir,failure
org.apache.hadoop.fs.http.client.TestHttpFSFileSystemLocalFileSystem.testOperationDoAs[28],pass,0,org.apache.hadoop.lib.servlet.TestServerWebApp.getHomeDir,failure
org.apache.hadoop.fs.http.client.TestHttpFSFileSystemLocalFileSystem.testOperation[29],pass,13.041,org.apache.hadoop.lib.servlet.TestServerWebApp.getHomeDir,failure
org.apache.hadoop.fs.http.client.TestHttpFSFileSystemLocalFileSystem.testOperationDoAs[29],pass,12.912,org.apache.hadoop.lib.servlet.TestServerWebApp.getHomeDir,failure
org.apache.hadoop.fs.http.client.TestHttpFSFileSystemLocalFileSystem.testOperation[30],pass,13.108,org.apache.hadoop.lib.servlet.TestServerWebApp.getHomeDir,failure
org.apache.hadoop.fs.http.client.TestHttpFSFileSystemLocalFileSystem.testOperation[31],pass,12.919,org.apache.hadoop.lib.servlet.TestServerWebApp.getHomeDir,failure
org.apache.hadoop.fs.http.client.TestHttpFSFileSystemLocalFileSystem.testOperationDoAs[31],pass,12.881,org.apache.hadoop.lib.servlet.TestServerWebApp.getHomeDir,failure
org.apache.hadoop.fs.http.client.TestHttpFSFileSystemLocalFileSystem.testOperation[32],pass,12.973,org.apache.hadoop.lib.servlet.TestServerWebApp.getHomeDir,failure
org.apache.hadoop.fs.http.client.TestHttpFSFileSystemLocalFileSystem.testOperationDoAs[32],pass,12.873,org.apache.hadoop.lib.servlet.TestServerWebApp.getHomeDir,failure
org.apache.hadoop.fs.http.client.TestHttpFSFileSystemLocalFileSystem.testOperation[33],pass,12.862,org.apache.hadoop.lib.servlet.TestServerWebApp.getHomeDir,failure
org.apache.hadoop.fs.http.client.TestHttpFSFileSystemLocalFileSystem.testOperationDoAs[33],pass,12.907,org.apache.hadoop.lib.servlet.TestServerWebApp.getHomeDir,failure
org.apache.hadoop.fs.http.client.TestHttpFSFileSystemLocalFileSystem.testOperation[34],pass,13.013,org.apache.hadoop.lib.servlet.TestServerWebApp.getHomeDir,failure
org.apache.hadoop.fs.http.client.TestHttpFSFileSystemLocalFileSystem.testOperationDoAs[34],pass,12.994,org.apache.hadoop.lib.servlet.TestServerWebApp.getHomeDir,failure
org.apache.hadoop.fs.http.client.TestHttpFSFileSystemLocalFileSystem.testOperation[35],pass,12.903,org.apache.hadoop.lib.servlet.TestServerWebApp.getHomeDir,failure
org.apache.hadoop.fs.http.client.TestHttpFSFileSystemLocalFileSystem.testOperationDoAs[35],pass,12.845,org.apache.hadoop.lib.servlet.TestServerWebApp.getHomeDir,failure
org.apache.hadoop.fs.http.client.TestHttpFSFileSystemLocalFileSystem.testOperation[36],pass,13.065,org.apache.hadoop.lib.servlet.TestServerWebApp.getHomeDir,failure
org.apache.hadoop.fs.http.client.TestHttpFSFileSystemLocalFileSystem.testOperationDoAs[36],pass,12.936,org.apache.hadoop.lib.servlet.TestServerWebApp.getHomeDir,failure
org.apache.hadoop.fs.http.client.TestHttpFSFileSystemLocalFileSystem.testOperation[37],pass,13.005,org.apache.hadoop.lib.servlet.TestServerWebApp.getHomeDir,failure
org.apache.hadoop.fs.http.client.TestHttpFSFileSystemLocalFileSystem.testOperationDoAs[37],pass,12.975,org.apache.hadoop.lib.servlet.TestServerWebApp.getHomeDir,failure
org.apache.hadoop.fs.http.client.TestHttpFSFileSystemLocalFileSystem.testOperation[38],pass,12.968,org.apache.hadoop.lib.servlet.TestServerWebApp.getHomeDir,failure
org.apache.hadoop.fs.http.client.TestHttpFSFileSystemLocalFileSystem.testOperationDoAs[38],pass,12.96,org.apache.hadoop.lib.servlet.TestServerWebApp.getHomeDir,failure
org.apache.hadoop.fs.http.client.TestHttpFSFileSystemLocalFileSystem.testOperation[39],pass,13.044,org.apache.hadoop.lib.servlet.TestServerWebApp.getHomeDir,failure
org.apache.hadoop.fs.http.client.TestHttpFSFileSystemLocalFileSystem.testOperationDoAs[39],pass,12.782,org.apache.hadoop.lib.servlet.TestServerWebApp.getHomeDir,failure
org.apache.hadoop.fs.http.client.TestHttpFSFileSystemLocalFileSystem.testOperation[40],pass,12.983,org.apache.hadoop.lib.servlet.TestServerWebApp.getHomeDir,failure
org.apache.hadoop.fs.http.client.TestHttpFSFileSystemLocalFileSystem.testOperationDoAs[40],pass,12.904,org.apache.hadoop.lib.servlet.TestServerWebApp.getHomeDir,failure
org.apache.hadoop.fs.http.client.TestHttpFSFileSystemLocalFileSystem.testOperation[41],pass,13.024,org.apache.hadoop.lib.servlet.TestServerWebApp.getHomeDir,failure
org.apache.hadoop.fs.http.client.TestHttpFSFileSystemLocalFileSystem.testOperationDoAs[41],pass,12.847,org.apache.hadoop.lib.servlet.TestServerWebApp.getHomeDir,failure
org.apache.hadoop.fs.http.client.TestHttpFSFileSystemLocalFileSystem.testOperation[42],pass,12.818,org.apache.hadoop.lib.servlet.TestServerWebApp.getHomeDir,failure
org.apache.hadoop.fs.http.client.TestHttpFSFileSystemLocalFileSystem.testOperationDoAs[42],pass,13.106,org.apache.hadoop.lib.servlet.TestServerWebApp.getHomeDir,failure
org.apache.hadoop.fs.http.client.TestHttpFSFileSystemLocalFileSystem.testOperation[43],pass,12.814,org.apache.hadoop.lib.servlet.TestServerWebApp.getHomeDir,failure
org.apache.hadoop.fs.http.client.TestHttpFSFileSystemLocalFileSystem.testOperationDoAs[43],pass,13.017,org.apache.hadoop.lib.servlet.TestServerWebApp.getHomeDir,failure
org.apache.hadoop.fs.http.server.TestHttpFSAccessControlled.testAcessControlledFS,pass,10.5,org.apache.hadoop.lib.servlet.TestServerWebApp.getHomeDir,failure
org.apache.hadoop.lib.service.hadoop.TestFileSystemAccessService.kerberosInitializationFailure,pass,0.75,org.apache.hadoop.test.TestHFSTestCase.testHadoopFileSystem,error
